date,channel,impressions,clicks,spend,conversions,revenue
2024-04-14,Email,14828,383,20.53,21,1605.23
2023-09-10,Paid Social,111416,1125,784.27,23,1647.74
2023-10-30,Email,19476,466,25.02,19,1542.52
2024-09-19,Email,19571,516,30.57,22,1735.99
2023-06-14,Paid Social,94772,1167,783.83,26,1757.09
2024-09-05,Social,131556,1766,1179.66,29,1973.7
2023-01-09,Paid Social,66677,746,515.33,13,747.44
2024-02-19,Paid Search,52569,1598,1636.98,61,4784.96
2023-09-27,Email,18152,442,30.54,19,1728.34
2023-05-20,Display,115550,467,219.13,5,245.02
2023-02-03,Email,16729,522,29.46,33,3404.9
2024-08-13,Video,43349,316,322.27,5,340.93
2023-05-28,Video,49642,467,384.9,8,607.0
2024-09-11,Paid Search,57979,2318,2639.28,125,10343.92
2023-05-03,Display,136526,611,285.87,5,279.96
2023-08-13,Email,11870,288,18.21,15,1540.81
2024-07-20,Display,158383,689,349.92,6,351.77
2023-05-12,Display,122712,482,253.36,4,272.04
2024-04-19,Video,39457,280,218.06,5,335.89
2024-04-20,Display,128460,531,225.46,5,326.55
2024-11-22,Paid Search,75844,2718,3024.56,105,8847.5
2024-04-12,Display,130791,460,248.25,4,245.06
2024-04-29,Display,136158,549,248.99,6,343.38
2024-02-15,Paid Social,92971,1235,894.81,25,1500.52
2023-03-27,Video,43990,306,262.32,4,294.57
2023-03-19,Display,151043,569,312.65,5,309.58
2024-04-10,Video,39144,277,242.14,5,434.48
2024-04-01,Video,57548,471,408.49,7,569.38
2023-05-29,Email,19751,481,28.55,29,2361.18
2024-09-04,Video,49384,506,484.07,6,440.08
2024-09-08,Paid Search,56483,1769,2162.13,65,4836.83
2024-08-01,Email,19918,560,32.59,24,2187.6
2024-11-18,Paid Search,89320,2929,3543.08,112,10590.46
2024-12-02,Paid Search,118380,4069,9615.63,336,23627.29
2023-06-20,Email,20538,534,32.61,23,1718.03
2023-05-16,Display,139886,555,275.98,5,279.53
2023-09-13,Video,44718,410,368.95,5,351.83
2023-03-17,Paid Search,70561,2419,2472.91,123,9164.78
2024-01-06,Paid Search,41602,1490,1745.69,66,5398.5
2024-01-21,Display,126693,550,291.22,5,295.05
2024-03-02,Email,10969,263,15.66,14,1371.41
2024-06-24,Paid Social,97963,1274,945.75,30,1792.78
2023-04-19,Video,44687,430,412.2,6,464.67
2024-09-22,Email,20283,459,26.12,23,2073.94
2024-03-16,Paid Search,50621,1741,2735.76,99,8603.41
2023-07-25,Email,19856,529,33.92,26,2051.51
2024-11-05,Display,192050,937,468.75,10,549.54
2024-04-08,Email,20097,507,34.49,27,3083.35
2024-10-13,Paid Search,67055,2200,3011.15,77,5806.72
2024-02-21,Email,16024,449,26.04,27,2144.71
2023-08-20,Video,50408,412,383.0,7,490.34
2024-04-25,Video,51109,442,400.88,8,463.28
2024-01-15,Display,116283,423,231.81,3,166.46
2023-12-11,Paid Social,160964,1929,1316.53,37,2655.94
2023-07-01,Paid Search,57351,1963,2126.83,79,5533.26
2024-03-03,Paid Search,51572,1851,2376.79,78,6900.36
2024-04-22,Email,19528,507,31.13,32,2922.01
2023-12-13,Paid Social,165943,1757,1204.19,31,1961.81
2024-03-08,Video,49217,400,349.64,5,359.39
2023-10-08,Display,137342,519,285.13,5,269.32
2023-08-22,paid_social,80870,907,714.12,17,1192.02
2024-11-18,Display,202451,726,325.98,6,371.34
2023-03-29,Email,17858,495,31.35,21,1866.51
2024-01-27,Video,43136,255,211.66,4,271.7
2024-02-29,Video,36457,269,258.38,3,229.29
2024-09-23,Paid Search,60728,2776,3261.72,89,6473.83
2024-05-02,Paid Social,108504,1145,,21,1429.89
2024-01-13,Email,10589,240,16.72,13,1111.42
2024-10-02,Display,160489,674,350.73,6,297.45
2023-05-02,Email,18190,417,25.54,27,2416.88
2024-06-19,Email,16594,427,,23,1572.04
2023-09-11,Paid Social,94395,1231,874.7,20,1128.45
2024-07-06,Paid Social,91584,1259,871.31,33,2124.65
2024-01-21,Paid Social,97326,1227,968.57,21,1291.69
2024-10-25,Video,71441,610,516.47,8,547.05
2023-07-16,Paid Search,47583,1429,1746.57,64,5182.44
2023-11-09,Video,59726,466,428.06,7,560.27
2023-06-09,Video,48815,361,311.02,5,337.13
2024-09-13,Video,68874,568,487.86,9,589.41
2023-07-06,Paid Search,49883,1826,3367.42,131,10539.32
2023-12-28,Paid Search,69768,2561,3073.06,103,8844.15
2024-09-12,Paid Social,116535,1336,848.98,35,2655.52
2023-08-23,Display,121085,489,248.33,6,350.96
2024-03-23,Paid Social,123036,1751,1438.18,42,2737.02
2023-12-07,Display,252850,912,442.67,10,672.67
2023-11-20,Paid Social,138174,1852,2220.72,73,4441.43
2023-08-01,Display,130414,498,251.55,6,342.2
2024-08-07,Paid Search,52837,1891,2049.49,69,5030.08
2024-12-12,Email,25656,686,36.66,36,3176.17
2023-05-05,Paid Search,54035,1897,2325.9,69,5641.63
2024-10-20,Paid Search,62829,2261,2607.91,98,7211.1
2023-12-11,Display,211336,1075,602.55,13,813.89
2024-11-06,Paid Social,135252,1920,1352.46,36,2234.88
2023-05-24,Video,47470,378,307.31,6,357.49
2023-03-29,Paid Search,49831,1653,1820.9,60,4884.6
2023-02-17,Email,15383,375,24.38,20,1732.4
2023-09-17,Display,131675,631,283.45,6,316.46
2024-05-13,Email,19422,567,32.66,27,2321.8
2024-01-19,Paid Social,91962,1066,658.45,23,1672.98
2023-09-04,Paid Social,94055,1154,917.57,22,
2024-11-29,Email,31551,786,90.54,83,6713.82
2024-09-24,Display,166043,700,383.86,7,387.64
2023-10-27,Email,20756,511,29.46,25,1883.01
2024-01-27,Display,105455,344,171.19,3,173.33
2023-04-06,Paid Search,53133,2068,2264.94,83,8394.37
2024-07-25,Paid Search,67838,2360,2860.73,90,6422.35
2023-01-02,Email,15309,360,25.62,14,1051.4
2023-01-08,Video,41574,312,286.95,5,367.89
2024-01-22,Video,40054,334,291.01,5,353.39
2023-12-04,Video,70004,500,439.73,8,609.92
2023-04-10,Display,147689,521,268.8,5,301.15
2024-06-05,Display,128818,437,223.14,4,278.82
2024-07-16,Paid Search,51901,1752,2032.85,65,5073.66
2023-12-26,Paid Search,84435,2860,3391.59,105,7835.09
2024-05-16,Email,26191,645,40.62,36,3148.15
2024-02-25,Paid Social,104593,1153,795.04,24,1109.39
2024-06-04,Display,138216,516,263.17,6,363.39
2024-10-20,Email,15367,413,23.54,20,1752.15
2024-08-01,Display,120523,535,255.9,4,276.79
2024-06-16,Paid_Search,48204,1573,1835.86,51,3813.41
2024-03-04,Display,151887,590,348.44,7,462.8
2023-04-27,Paid Social,99053,1213,864.6,24,1663.23
2024-06-11,Display,143424,464,224.99,6,332.64
2024-11-12,Display,205110,865,448.66,8,481.64
2023-12-27,Email,27183,626,38.43,33,2852.41
2023-06-22,Email,16922,490,34.38,28,2421.29
2023-01-02,Video,32866,208,203.28,4,339.98
2023-12-25,Paid Search,71935,2516,3086.07,96,6221.96
2024-03-14,Paid Search,65431,2086,3004.17,109,8650.37
2024-02-11,Email,13905,387,26.66,20,1956.74
2024-11-27,Display,221458,746,712.8,14,978.22
2023-03-09,Email,16075,446,24.4,22,1827.66
2023-06-22,Display,119597,445,216.77,4,243.53
2023-11-20,Email,23368,641,71.5,68,6642.52
2023-04-09,Video,49977,376,378.91,6,394.06
2023-03-01,Email,15173,362,22.22,15,1507.44
2024-02-18,Paid Social,103294,1342,940.66,43,2837.62
2024-01-05,Paid Search,39082,1372,1505.5,52,4333.32
2024-01-13,Paid Search,46494,1463,1783.86,46,3788.16
2024-09-26,Paid Social,127001,1250,713.09,24,1359.11
2023-12-22,Video,58692,534,537.64,7,487.56
2024-09-30,Paid Search,56314,1815,2193.08,61,4703.22
2023-05-08,Paid Social,89443,917,598.95,22,1440.73
2023-03-11,Paid Social,101689,1335,955.16,37,2774.66
2024-11-07,Display,233481,878,464.96,11,636.24
2024-09-29,Video,64159,372,312.95,4,281.1
2023-07-14,Paid Search,48310,1673,2043.76,73,5152.29
2024-05-18,Email,15838,325,21.98,22,1969.26
2023-09-25,Paid Search,74628,2737,3461.89,164,12521.4
2024-02-05,Paid Search,51659,1692,2102.14,70,4744.42
2024-08-15,Paid Search,49594,1731,2128.41,62,4849.72
2024-11-26,Video,60933,544,787.93,19,1438.09
2023-04-27,Email,15105,433,22.78,28,2035.45
2024-12-13,Email,28128,719,40.02,41,3364.64
2023-11-22,Paid Search,86245,2388,5857.96,182,15811.61
2024-05-27,Paid Search,67218,2363,3153.48,122,10658.22
2023-07-18,Social,74869,893,587.99,18,1142.68
2024-04-19,Paid Search,54719,1870,2223.49,95,7151.78
2024-09-04,Email,20116,522,32.32,23,2005.05
2024-03-11,Paid Social,86742,1063,983.11,24,1532.95
2024-09-16,Paid Social,125281,1392,967.04,23,1746.85
2024-10-16,Email,19436,557,30.36,23,2104.05
2023-12-14,Email,23332,562,34.64,39,3507.56
2024-03-21,Video,41674,375,337.26,6,403.08
2023-01-08,Display,89492,407,197.9,4,246.86
2023-08-09,Display,136163,584,274.48,5,309.64
2023-06-22,Paid Social,100199,1304,901.22,25,1365.64
2023-11-08,Video,49983,469,386.16,8,560.53
2024-08-26,Paid Search,54128,1779,2323.21,75,4768.2
2024-01-28,Social,88840,1055,732.46,21,1431.07
2023-02-04,Display,137123,542,273.57,3,167.31
2024-05-29,Video,58685,507,431.46,7,558.02
2024-11-03,Paid Search,74647,2084,2544.29,73,5977.38
2024-06-16,Paid Social,141463,1687,1131.66,29,2078.45
2024-11-26,Display,149002,573,630.7,10,585.24
2024-03-25,Display,155229,580,286.75,5,223.12
2023-03-25,Email,11424,306,23.06,19,1694.47
2024-02-20,Paid Search,46953,1638,1974.07,47,3345.41
2024-07-11,Video,46769,371,372.86,7,568.37
2023-12-19,Paid Social,118962,1518,1147.29,29,1670.04
2024-09-04,Paid Social,95552,1098,784.1,16,1035.19
2024-10-11,Video,58999,424,342.43,7,432.33
2023-10-24,Email,19859,552,33.63,24,2123.96
2024-08-31,Email,16362,475,31.8,30,2352.47
2024-08-21,Video,46780,365,306.62,5,353.66
2024-07-23,Paid Search,49505,1637,1869.22,74,6363.75
2023-10-28,Email,12757,361,22.48,13,1079.93
2023-10-08,Video,63557,447,392.26,6,465.39
2023-04-09,Paid Search,56792,2062,2418.38,88,6655.36
2023-05-06,Email,10961,290,18.69,18,1472.38
2023-07-22,Email,14713,327,22.13,22,1866.38
2024-10-02,Paid Social,118057,1281,1023.12,36,2454.64
2023-09-17,Paid Search,59318,1773,2017.95,60,4249.34
2024-09-21,Display,158124,694,354.01,8,530.34
2024-03-15,Paid Social,111986,1496,1433.86,31,1852.38
2024-04-12,Email,17228,464,29.1,25,2647.92
2023-05-10,Display,112305,443,227.51,5,284.31
2023-09-05,Video,47909,385,400.14,4,280.02
2024-04-21,Display,169059,751,394.61,11,601.55
2023-08-10,Display,119468,525,258.78,6,363.05
2024-07-16,Display,119262,460,215.71,5,246.17
2023-06-10,Display,134040,577,276.84,5,311.87
2023-08-06,Email,13736,344,20.28,21,1553.16
2024-07-19,Display,141995,514,255.66,5,297.29
2023-05-05,Paid Social,89945,1165,800.02,22,1299.3
2023-06-30,Video,42706,379,333.21,6,418.77
2023-06-13,Email,18066,444,27.77,22,2110.11
2023-11-01,Email,22288,592,35.1,28,2978.73
2023-10-02,Paid Social,77042,913,630.46,21,1130.35
2024-11-15,Paid Search,83864,2902,3791.9,100,10335.33
2024-05-19,Paid Social,122516,1362,956.01,18,1049.7
2024-12-03,Display,240384,1174,586.51,13,794.28
2024-07-20,Paid Social,97107,1157,808.07,21,1263.95
2023-12-14,Paid Social,175382,1826,1122.93,32,2140.63
2024-12-29,paid_social,187270,2197,1508.04,44,2880.45
2024-11-03,Email,17475,375,21.55,23,2069.22
2024-07-31,Display,144060,629,300.05,6,318.2
2023-07-20,Email,17433,382,24.15,17,1308.74
2024-10-19,Email,18501,387,19.39,15,1571.78
2024-08-17,Paid Social,105577,1333,914.57,25,1522.08
2023-12-18,Paid Social,159007,2170,1455.36,50,3723.8
2024-03-11,Video,41581,398,492.89,7,458.99
2024-12-30,Paid Search,81997,3309,3847.88,162,12701.44
2024-01-28,Video,44156,280,221.18,5,382.92
2023-07-04,Email,13997,294,26.45,22,1913.7
2024-11-23,Paid Social,153416,1877,1198.93,36,2032.39
2024-04-11,Paid Social,110299,1302,876.96,27,1670.1
2024-11-25,Paid Search,69799,2370,5898.55,196,13412.12
2023-03-11,Display,125842,451,218.17,5,296.77
2023-12-07,Paid Search,76233,2540,3082.68,72,5750.59
2023-03-20,Email,14528,406,27.81,15,1543.59
2023-03-30,Video,42899,291,240.58,5,363.03
2024-08-31,Video,55572,416,398.03,7,483.25
2024-12-01,Paid Social,199205,2442,3313.87,95,5448.74
2024-11-30,Display,182471,711,656.32,12,706.88
2024-07-04,Video,42484,354,334.79,6,396.94
2024-02-27,Display,119519,463,227.34,5,258.02
2023-02-04,Paid Search,40276,1474,1705.58,49,3363.49
2023-06-14,Display,117442,460,207.36,4,247.45
2024-04-01,Email,21892,544,38.53,26,1990.28
2024-11-13,Video,87953,749,539.38,17,1017.35
2023-09-12,Video,45264,393,357.84,6,455.8
2024-03-25,Paid Search,55854,1669,1886.98,66,5784.46
2023-08-23,Email,13332,299,17.01,16,1439.16
2023-01-10,Paid Social,72887,800,527.77,14,958.8
2024-09-05,Video,58766,454,362.54,6,456.06
2024-05-18,Display,234117,819,405.42,7,390.56
2024-08-04,Paid Social,106539,1074,780.08,20,1474.79
2023-07-09,Paid Social,101037,1218,1188.49,37,2377.34
2024-01-21,Email,13321,402,22.47,26,2372.92
2024-02-07,Display,144352,479,213.86,4,288.23
2024-11-30,Paid Search,75346,2915,7245.57,214,17714.77
2023-06-18,Email,12324,356,23.7,19,1378.62
2024-12-07,Video,101533,778,648.19,9,825.04
2024-08-13,Paid Social,81237,961,669.58,21,1281.86
2023-05-06,Paid Search,48109,1616,2162.55,55,3370.32
2024-08-02,Display,125613,490,279.37,5,285.3
2023-08-11,Display,128293,494,251.64,6,346.12
2023-03-26,Video,44403,399,336.71,7,482.77
2023-08-26,Display,126988,561,329.4,7,440.05
2024-10-14,Display,195200,726,352.31,7,350.1
2024-09-09,Video,54134,411,340.44,6,453.26
2024-09-24,Paid Search,66266,2450,3073.43,108,7897.91
2023-07-19,Video,37640,262,261.76,4,266.09
2024-11-26,Email,27879,762,92.51,62,5929.52
2023-07-07,paid search,53518,1670,2785.95,108,9186.01
2024-09-07,Display,154461,524,263.64,5,313.83
2023-09-24,Email,14540,431,25.08,19,1595.53
2023-07-17,Display,108284,430,210.46,4,222.02
2023-05-02,Paid Search,60731,2294,2853.27,71,5844.12
2024-04-24,Paid Search,54414,1822,2154.57,66,5460.16
2023-09-02,Paid Search,53053,2113,,95,6771.62
2024-04-09,Display,163399,774,392.27,8,
2024-01-03,Email,13548,320,19.41,13,1065.51
2024-11-29,Paid Social,131961,1860,2588.47,82,5566.93
2023-09-11,Email,18715,421,23.68,25,1883.67
2024-11-03,Video,86103,641,545.42,10,711.73
2023-07-22,Paid Social,103225,1411,1052.58,37,2222.98
2024-04-01,Display,137886,514,266.94,5,278.43
2024-07-19,Paid Search,55278,2326,3255.78,72,7206.71
2023-09-28,Display,137445,566,287.29,6,369.69
2024-05-17,Paid Search,59723,2479,3026.7,112,8844.77
2024-01-13,Paid Social,94161,1173,861.64,20,1291.56
2023-04-21,Email,14095,320,20.39,16,1530.53
2023-07-28,Email,17215,401,25.28,26,2351.22
2023-02-24,Paid Social,89684,1165,727.82,19,1145.13
2023-09-18,Paid Social,126221,1527,901.79,33,1959.58
2024-06-28,Email,17212,348,19.89,19,1685.47
2024-08-03,Video,46577,404,319.04,6,415.72
2023-03-13,Paid Social,92046,1133,837.91,29,1917.5
2023-11-24,Video,74779,518,877.31,16,1113.72
2024-03-03,Video,56697,366,323.66,6,456.31
2024-09-17,Video,63960,413,358.93,6,452.47
2023-08-02,Paid Search,51036,1605,1997.4,80,6191.92
2024-02-21,Paid Search,57550,2094,2291.26,86,7430.12
2023-08-16,Video,41632,332,269.04,5,361.14
2024-01-04,Email,18485,394,23.3,17,1387.68
2023-02-07,Video,35097,313,270.47,5,306.65
2024-06-12,Email,22015,571,38.18,27,2328.75
2024-07-03,Display,134439,495,223.99,4,241.28
2023-01-28,Email,9442,226,13.69,13,1178.29
2023-07-26,Paid Search,57860,2067,2383.07,89,6585.03
2024-04-23,Email,18548,489,31.81,27,2553.08
2024-10-29,PaidSearch,69451,2372,2959.72,81,5368.77
2024-02-17,Paid Search,41412,1722,2112.0,73,5520.73
2023-12-28,Email,24477,618,35.61,31,3044.64
2024-05-13,Paid Social,100450,1145,759.21,17,1256.78
2024-07-27,Display,110167,432,208.05,5,250.75
2023-07-06,Video,39017,297,376.31,7,465.06
2023-05-07,Video,46397,329,267.42,6,429.53
2023-10-12,Video,55576,501,465.5,10,670.95
2024-09-26,Video,53980,393,375.24,5,337.25
2024-05-10,Paid Social,104157,1271,955.5,20,1399.3
2023-03-18,Paid Social,100819,1507,1053.42,27,1724.77
2024-05-26,Paid Search,55346,1570,2014.89,78,
2023-04-13,Display,133615,590,298.65,7,365.09
2024-04-30,paid_social,93992,905,652.12,15,875.8
2023-01-09,Display,125598,497,209.67,5,295.88
2023-03-04,Video,58683,556,533.21,9,740.58
2023-03-14,Video,46844,362,312.76,5,337.06
2024-08-04,Video,50673,412,350.35,7,506.87
2024-05-29,Paid Search,84624,3158,4263.68,130,10066.03
2023-04-30,Video,60401,526,464.37,7,486.81
2023-10-06,Display,130046,461,230.67,6,327.66
2023-10-24,Paid Search,67840,2512,3042.16,106,8936.59
2024-03-12,Video,55089,395,553.8,7,598.62
2024-10-14,Paid Search,72459,2274,2801.92,116,8614.94
2023-11-15,Paid Search,63610,1934,2288.75,69,5589.32
2023-02-04,Email,11589,304,20.14,15,1302.12
2024-08-28,Display,130092,485,250.59,5,252.73
2023-11-02,Display,147538,598,289.27,5,305.66
2024-03-09,Paid Search,62593,2902,3037.34,104,7627.25
2023-01-30,Video,40080,320,269.41,4,269.03
2023-10-13,Display,138731,601,338.53,6,367.81
2023-08-05,Email,12664,276,16.12,15,1234.47
2023-12-26,Email,29380,698,40.92,32,2692.76
2023-06-03,Paid Social,114251,1480,924.62,27,1587.37
2024-08-30,Email,16908,426,27.61,22,2232.07
2024-11-14,Paid Social,142293,1880,1278.04,38,2779.69
2024-12-07,Email,21860,559,35.7,24,1800.76
2023-09-30,Email,15372,393,24.83,21,1936.74
2023-05-13,Email,13011,307,17.94,15,1256.78
2023-06-16,Paid Social,82574,1174,755.56,25,1573.79
2024-05-15,Paid Search,68557,2460,3200.08,106,9338.68
2023-04-17,Display,133705,421,207.32,4,254.31
2023-09-20,Display,162304,740,364.49,8,415.6
2024-04-30,Display,125955,668,321.02,6,383.41
2023-11-22,Email,21784,526,51.56,40,3880.11
2024-11-01,Paid Search,84105,3070,3935.56,109,8213.55
2023-02-07,Paid Social,67891,808,579.15,21,1376.79
2024-01-11,Paid Search,40151,1512,2096.92,75,4972.05
2023-08-21,Video,42195,402,365.93,6,436.47
2024-08-10,Email,14399,325,22.8,21,1501.88
2023-05-28,Display,151382,453,209.47,5,320.6
2023-11-24,Paid Social,131988,1448,1874.63,75,4925.19
2024-11-16,Display,188103,188515,339.77,6,308.73
2023-03-27,Display,114474,510,246.25,5,306.76
2023-10-29,Paid Social,118484,1226,976.66,25,1484.37
2023-01-12,Paid Social,77643,996,689.04,20,1202.24
2023-11-30,Display,221054,889,451.94,7,382.47
2023-01-13,Email,12020,335,20.5,18,1623.25
2023-03-31,Email,18947,526,30.88,25,2618.57
2024-03-20,Paid Search,60753,1969,2379.11,70,4891.42
2024-08-16,Paid Social,93946,1011,792.77,21,1271.76
2024-04-17,Paid Social,91769,1220,756.75,29,1854.12
2024-05-28,Paid Search,57523,2054,2553.01,63,5150.14
2024-11-09,Paid Social,157575,2002,1485.22,42,3016.33
2024-02-27,Paid Social,92262,1055,842.84,21,1385.56
2024-08-22,Display,153029,581,280.68,5,304.36
2024-11-07,Paid Search,85891,3105,4330.16,112,8672.04
2024-02-13,Display,159046,663,321.5,7,366.38
2024-04-23,Paid Social,102661,1345,902.15,30,1919.37
2024-05-30,Video,52961,438,345.84,7,518.69
2024-08-12,Paid Social,106102,1235,910.04,26,1816.14
2024-01-26,Paid Social,71411,839,592.08,17,1158.12
2023-08-24,Display,145074,574,279.07,5,241.81
2024-07-05,Display,145764,541,249.94,6,440.53
2023-05-02,Paid Social,97479,1308,882.04,30,1823.42
2024-09-30,Email,22625,596,36.14,37,2928.48
2023-05-12,Paid Search,59335,1904,2317.46,91,6871.85
2024-01-16,Email,19991,607,38.36,29,2534.11
2023-08-30,Video,46613,316,284.26,4,259.22
2024-05-22,Paid Social,104157,1361,856.79,26,1614.71
2023-11-25,Email,18506,415,42.05,44,4388.12
2023-06-28,Paid Search,48985,1621,1882.68,65,4914.38
2023-02-18,Email,11707,289,17.38,14,1165.04
2023-01-30,Paid Social,71068,791,544.01,17,1219.13
2023-05-04,Paid Social,80861,871,629.25,23,1555.04
2023-04-18,Email,19039,488,28.28,25,2277.11
2023-06-12,Email,15465,400,27.26,21,1793.83
2023-02-13,Social,80480,872,586.93,15,857.97
2023-02-21,Display,98263,368,187.96,4,245.23
2024-11-15,Display,156567,458,226.6,6,416.5
2024-07-07,Paid Social,103021,1318,745.0,27,1746.42
2023-03-28,Email,16339,375,23.01,19,1600.03
2024-12-15,Display,232543,1087,575.47,9,508.24
06/20/2024,Paid Social,80302,1001,628.35,24,1564.73
2023-08-07,Paid Social,87776,1136,720.66,19,1036.88
2023-03-08,Video,44149,345,291.42,4,322.54
2023-12-22,Paid Social,121029,1499,961.94,35,2071.19
2024-09-05,Email,22304,612,40.74,32,2917.99
2023-03-21,Paid Search,54332,2052,2507.97,89,6469.65
2023-08-27,Display,131361,537,252.79,4,207.28
2023-10-07,Paid Social,124522,1517,1159.13,27,1760.48
2023-11-04,Video,77459,623,611.81,10,715.73
2024-05-16,Video,52632,403,355.73,6,490.62
2024-07-12,Display,120657,436,214.35,3,179.2
2024-08-29,Paid Social,77998,1016,652.0,25,1949.5
2023-01-02,Paid Social,73256,915,618.87,19,1214.32
2023-11-18,Video,71900,600,551.21,8,561.6
2023-05-16,Email,18695,424,24.83,15,1484.17
2024-11-12,Video,56320,557,514.51,7,527.82
2024-04-17,Email,24472,695,41.03,46,3743.08
2023-04-16,Paid Social,118851,1438,898.72,41,2657.3
2024-03-21,Paid Search,61813,2196,2760.2,122,9783.56
2024-02-25,Paid Search,50930,1502,1702.36,67,5081.87
2024-06-30,Paid Search,47475,1459,2010.26,54,4201.21
2024-06-17,Display,132715,524,248.3,5,261.37
2024-06-06,Video,48051,364,336.93,5,328.54
2023-04-13,Email,18459,513,33.62,22,2223.8
2024-06-11,Paid Search,69770,2363,2787.48,104,7650.92
2023-06-02,Social,79994,1086,779.38,23,1712.48
2023-08-28,Display,125367,487,216.49,5,280.91
2024-01-26,Display,129343,520,291.19,4,293.52
2023-06-08,Paid Social,78151,978,685.66,24,1561.05
2023-07-13,Email,14356,326,21.38,15,1316.09
2024-02-10,Paid Social,94924,1377,935.06,24,1412.44
2023-03-07,Display,127177,609,321.07,6,356.44
2023-06-30,Paid Search,56764,2007,2380.16,102,7476.06
2023-07-19,Email,15139,346,19.65,21,
2024-09-06,Display,132121,500,292.31,7,388.09
2024-11-09,Email,18834,464,31.92,19,1625.92
2024-06-22,Email,16264,421,25.85,26,1950.27
2024-02-28,Email,18210,501,32.86,33,3286.18
2024-01-04,Display,121322,477,218.71,5,303.98
2023-08-15,Email,17540,411,21.92,26,2019.32
2024-07-21,Email,15388,369,21.54,17,1694.29
2024-09-14,Display,180276,677,309.75,8,415.1
2023-03-12,Paid Search,50114,1909,2188.52,86,7464.42
2023-07-26,Video,41924,331,318.54,4,250.44
2023-07-20,Paid Search,49721,1618,1878.28,71,5539.66
2024-10-24,Paid Search,67507,2521,2983.34,103,8956.93
2023-06-01,Email,17718,426,24.26,25,2225.54
2023-07-01,Display,131917,473,216.58,5,305.63
2023-01-21,Paid Social,77674,914,577.9,19,1032.93
2023-10-18,Video,42137,326,329.45,5,366.49
2024-08-01,Video,47030,395,319.51,6,478.71
2024-01-17,Email,16182,388,25.87,14,1196.1
2024-07-02,Paid Social,89484,1207,763.45,21,1467.15
2024-12-21,Paid Search,98719,4400,4724.51,219,17202.23
2024-08-07,Video,53070,440,300.62,8,632.23
2024-09-02,Display,126885,468,218.54,5,256.7
2024-03-24,Paid Search,62744,2026,2174.7,93,7620.05
2023-12-10,Display,193909,817,385.54,9,559.21
2024-12-01,Paid Search,84882,3391,8134.94,216,17122.35
2023-03-21,Video,40090,338,279.07,5,310.59
2023-05-15,Paid Search,62806,2259,2560.32,74,6275.16
2023-02-22,Display,85715,366,175.01,4,231.67
2024-09-18,Video,43698,294,293.76,4,248.2
2024-06-01,Paid Search,61027,2154,2893.48,90,7472.14
2024-12-02,Paid Social,158923,1950,2508.59,78,5080.81
2024-03-26,Paid Search,53150,1845,2336.87,52,4497.74
2024-07-18,Paid Search,46579,1680,2128.02,58,4528.15
2024-02-14,Display,124749,483,218.57,5,275.7
2024-03-24,Paid Social,108563,1380,1104.43,29,1972.66
2023-01-19,Video,44451,360,344.4,4,300.65
2024-06-23,Paid Search,61131,2248,2729.21,95,6798.03
2024-10-12,Paid Social,145057,1571,1103.16,32,2625.18
2024-02-13,Video,49882,427,388.45,7,460.9
2023-12-08,Display,204911,787,395.76,7,383.36
2023-12-13,Paid Search,86497,3018,3560.02,97,7185.13
2023-09-19,Video,46829,428,332.58,8,527.47
2024-12-30,Video,76470,677,558.34,9,688.18
2024-03-06,Paid Search,59372,2236,2507.46,76,6062.47
2023-11-06,Paid Social,127700,1461,948.94,24,1322.56
2024-06-21,Paid Social,97229,1072,788.7,19,1119.11
2024-10-12,Display,168517,746,352.23,8,367.52
2023-02-21,Paid Search,53455,1954,2275.29,77,5234.49
2023-06-17,Paid Social,123399,1353,893.0,23,1544.15
2024-05-12,Display,157992,670,335.54,7,358.45
2024-05-09,Email,22869,536,37.08,26,2201.24
2023-01-17,Video,35266,282,258.25,5,369.92
2023-01-14,Video,36924,313,299.89,7,467.94
2023-09-26,Paid Search,54269,1982,2463.41,73,5135.48
2024-07-20,Email,13217,314,17.5,12,984.37
2023-01-31,Paid Search,43822,1383,1451.51,51,3956.66
2023-02-07,Email,14798,328,20.9,17,1535.69
2024-06-04,Paid Social,111335,1190,833.82,20,1178.22
2023-03-21,Display,122288,583,265.61,5,264.91
2023-05-25,Video,43200,327,301.14,7,533.66
2024-07-15,Paid Search,56724,2359,2428.6,98,6661.31
2024-10-28,Paid Search,71980,2511,2591.29,95,7451.77
2023-12-01,Display,221336,903,380.03,9,541.49
2024-07-19,Video,37105,306,287.37,5,380.4
2024-09-01,Video,68559,550,458.04,9,663.54
2023-11-21,Email,23746,616,72.7,47,5309.78
2023-08-18,Display,129235,557,266.16,5,301.41
2023-04-07,Display,125998,432,213.24,4,260.84
2023-01-16,Paid Social,67274,866,761.15,16,1047.41
2023-01-23,Email,14332,372,27.06,24,2498.01
2023-05-15,Video,51078,403,313.04,7,511.43
2024-01-20,Video,41992,315,267.77,6,523.15
2024-03-04,Paid Social,103646,1561,1110.8,28,1896.24
2023-12-17,Display,245961,1118,578.49,13,705.48
2024-08-16,Email,18284,510,37.33,24,2286.74
2024-06-30,Paid Social,144212,2008,1246.14,37,2508.53
2023-11-04,Display,215694,850,349.99,9,604.7
2023-10-02,Email,15059,424,23.82,25,1765.09
2024-10-27,Video,68836,484,449.84,9,657.05
2024-05-08,Email,16525,451,29.75,20,1630.77
2023-12-31,Paid Social,143411,1576,1160.73,36,2120.36
2023-11-02,Paid Search,85157,3360,3977.41,98,8130.72
2023-11-11,Paid Search,67730,2319,2859.88,93,6272.61
2024-10-22,Paid Social,117983,1369,1007.13,25,1594.24
2024-05-17,Email,20412,511,31.16,23,1926.4
2023-10-11,Paid Search,57787,2528,3285.07,117,9151.61
2024-02-08,Paid Social,84461,1053,738.77,20,1258.03
2024-08-13,Paid Search,50160,1893,2218.69,52,3278.48
2023-11-22,Display,205393,697,698.92,15,773.63
2023-02-02,Paid Search,43085,1402,1994.71,50,4241.11
2024-06-15,Paid Search,50695,1823,2027.42,71,5792.8
2024-10-16,Display,184467,797,-381.15,10,661.6
2023-08-29,Paid Search,44248,1475,1830.52,58,4239.05
2023-02-25,Paid Social,79568,1030,741.55,24,1623.09
2024-01-07,Social,97079,1166,721.53,21,1310.52
2023-05-18,Paid Social,74094,995,692.0,19,1167.7
2024-11-13,Paid Social,145972,1924,1132.7,38,2573.52
2023-06-23,Display,111985,418,206.35,4,278.77
2023-12-06,Paid Search,91657,3062,4443.13,94,7482.83
2024-02-22,Email,16307,397,24.78,21,1986.41
2024-11-20,Email,27337,769,49.04,38,3577.5
2024-01-06,Video,48599,399,340.8,6,385.7
2024-01-05,Display,122898,497,284.23,5,329.65
2024-09-23,Video,45945,389,358.91,6,451.86
2023-12-22,Email,21741,606,38.46,36,2946.41
2024-10-21,Paid Social,145534,2101,1586.98,47,2992.94
2024-05-13,Paid Search,70707,2307,2943.34,82,7133.05
2023-10-08,Paid Search,66328,2247,2652.74,83,6108.79
2023-08-06,Paid Search,44111,1342,1423.32,59,4476.41
2024-01-18,Display,114681,457,232.34,4,226.64
2024-09-01,Display,162752,519,257.6,6,409.32
2024-03-16,Paid Social,107547,1395,1267.28,43,3187.88
2023-08-20,Display,140356,519,236.35,5,306.74
2024-08-12,Video,49740,439,396.84,10,655.38
2023-08-18,Video,48667,346,322.84,5,370.37
2023-04-01,Email,13332,291,18.93,15,1534.53
2023-08-22,Video,40712,312,285.53,4,283.84
2023-12-23,Paid Search,86997,3074,3035.55,106,8856.65
2023-05-21,Paid Social,96952,1266,860.86,24,1896.77
2024-01-24,Email,21833,425,25.98,22,1892.34
2023-07-19,Display,128071,445,233.97,4,232.19
2023-11-23,Display,133774,531,522.8,12,637.95
2024-07-17,Paid Social,100906,1241,880.15,21,1147.12
2024-11-22,Paid Social,123406,1635,1256.48,34,1903.28
2024-07-24,Email,14079,375,23.22,19,1629.16
2023-07-17,Paid Social,99286,1121,842.0,22,1423.96
2023-08-29,Paid Social,99190,1028,683.48,19,1207.73
2024-11-11,Video,57056,444,417.41,7,451.53
2024-02-09,Paid Social,84966,865,624.33,18,1273.76
2023-12-29,Paid Search,69523,1997,2449.47,80,6347.1
2024-06-03,Video,45403,371,343.93,6,426.69
2024-08-19,Paid Search,57200,2337,2760.85,97,6629.49
2023-01-13,Paid Search,36269,1228,1492.91,54,4522.48
2024-04-30,Paid Search,71783,3102,3554.52,124,11605.05
2024-04-18,Email,19688,433,30.12,17,1295.31
2024-02-09,Email,16377,397,24.03,21,1978.38
2024-01-04,Video,34428,260,260.19,4,261.37
2024-09-29,Paid Search,50998,1618,1832.45,61,4152.13
2024-07-22,Display,123918,549,291.71,6,355.56
2024-10-05,Paid Social,130511,1759,1211.65,34,1957.68
2024-06-04,Email,16180,458,29.86,17,1710.44
2024-06-08,Paid Search,49995,1634,2217.41,67,4945.33
2023-04-28,Paid Social,92552,1020,656.55,18,1196.28
2023-11-20,Display,196492,786,680.6,14,757.84
2023-03-06,Display,144580,481,,4,255.38
2023-01-07,Paid Social,84723,901,652.64,27,2008.7
2024-12-08,Paid Search,74602,2868,3350.61,131,9419.05
2024-07-16,Paid Social,79859,1025,725.94,30,2255.92
2023-09-14,Display,130655,481,242.01,5,285.93
2023-09-26,Video,59111,418,381.8,6,438.07
2024-03-29,Paid Search,66230,2463,2905.37,75,5589.52
2023-11-09,Display,214407,993,427.28,11,630.31
2023-09-29,Paid Social,108578,1147,717.17,29,1952.45
2023-02-01,Display,122627,471,251.86,5,313.8
2023-06-26,Email,18896,522,32.41,30,2880.27
2024-02-22,Video,36267,292,240.72,4,271.6
2023-04-10,Paid Search,62000,1807,2110.96,54,3627.09
2024-07-22,Email,15443,397,23.69,20,1803.54
2023-08-02,Display,137994,461,221.99,5,351.5
2024-10-23,Display,187023,660,306.5,8,477.67
2024-07-21,Paid Social,117285,1350,865.76,27,1775.83
2023-11-12,Display,234957,925,442.63,12,656.91
2024-07-28,Paid Social,118784,1563,1127.52,38,1953.53
2023-12-03,Paid Social,142182,1847,1388.57,39,2838.67
2024-03-11,Display,153490,558,335.93,8,412.82
2023-06-28,Email,16007,421,23.88,25,1914.59
2023-06-15,Video,40584,274,240.48,4,252.26
2024-05-11,Display,170547,734,317.16,6,345.36
2023-11-21,Video,80694,607,1165.47,18,1481.89
2023-07-30,Paid Search,38956,1336,1617.32,77,5233.22
2023-01-30,Display,111778,518,247.36,5,288.48
2024-04-02,Video,55962,400,340.92,6,447.54
2024-07-18,Video,43511,323,297.05,5,325.86
2024-04-26,Email,17583,346,21.84,20,1982.45
2024-10-08,Paid Social,120422,1427,919.85,28,2010.22
2024-05-14,Video,61803,551,562.99,9,645.69
2023-01-26,Video,34281,264,236.37,3,204.66
2023-07-08,Email,10853,237,19.67,17,1294.17
2024-08-15,Video,49599,409,350.17,6,383.75
2023-11-17,Display,198440,680,306.96,7,451.48
2024-11-01,Email,29336,721,47.47,37,3227.3
2024-08-21,Email,19931,523,33.91,21,1828.23
2023-09-19,Paid Social,91008,1163,830.85,22,1340.06
2024-01-23,Paid Search,60841,2122,2320.37,77,5543.34
2024-10-18,Video,61082,441,410.7,7,421.45
2023-08-27,Email,12281,320,22.26,13,1089.86
2023-11-10,Video,71732,593,612.12,9,721.72
2024-05-22,Email,18260,352,23.02,16,1582.7
2024-03-12,Paid Social,78173,1029,880.4,27,1521.66
2023-08-26,Video,45011,334,297.56,5,299.0
2024-10-26,Paid Social,106263,1349,985.37,36,1997.42
2024-05-12,Paid Social,145155,1805,1478.23,36,2574.05
2024-12-06,Paid Search,117382,4270,4609.17,136,10489.68
2023-02-11,Video,51385,388,358.45,7,434.53
2023-01-18,Paid Social,60780,676,412.75,15,1290.01
2024-08-09,Email,19660,482,32.74,19,1838.51
2023-03-05,Video,47872,368,327.8,5,353.75
2024-06-07,Paid Search,55571,1944,2513.06,69,6352.18
2023-07-23,Paid Search,39910,1404,1648.29,53,4398.29
2023-04-19,Email,19474,438,29.22,22,1840.45
2024-10-26,Paid_Search,53273,1807,2197.3,81,6919.98
2023-01-28,Display,128341,524,289.5,6,348.27
2024-09-16,Display,181279,725,393.34,7,338.41
2024-03-20,Email,15244,421,23.66,29,2917.16
2023-03-15,Email,15236,437,30.38,20,1740.09
2023-06-26,Video,41501,297,238.14,5,334.41
2024-12-23,Video,97723,807,692.57,12,828.43
2023-04-13,Paid Social,95153,1019,657.18,20,1367.15
2023-02-28,Paid Social,80238,1097,655.93,22,1424.28
2024-01-08,Paid Search,54044,1697,2280.02,79,6343.24
2023-11-05,Paid Social,155221,1876,1195.69,34,2161.99
2024-05-03,PaidSearch,64466,2389,2652.41,107,9058.62
2023-09-12,paid_social,112507,1522,1093.28,38,2745.27
2024-06-26,Display,141529,590,294.79,5,328.57
2023-11-24,Email,30252,881,93.35,86,8058.56
2024-01-01,Email,14512,380,24.04,21,1847.73
2023-03-23,Display,111879,510,278.93,5,252.21
2024-08-10,Video,62687,568,541.67,7,440.97
2023-08-01,Video,46022,356,401.59,4,273.19
2024-07-25,Paid Social,85880,962,696.05,19,1018.49
2024-07-26,Video,51621,379,368.8,5,357.54
2023-11-28,Display,204548,791,386.27,8,414.44
2024-09-25,Email,21185,427,26.21,21,1655.33
2023-06-11,Paid Social,104386,1246,951.39,23,1649.95
2023-06-18,Video,50173,410,326.62,7,504.17
2024-04-16,Display,154935,574,309.74,6,388.44
2023-08-13,Paid Search,49010,1716,1939.31,66,5054.05
2024-02-25,Display,122284,510,243.31,4,284.5
2024-10-13,paid_social,142868,1616,1194.92,45,2485.14
2024-08-10,Paid Search,37360,1096,1473.62,41,2966.71
2023-06-22,Paid Search,48022,1455,1737.86,59,4293.66
2023-07-10,Paid Social,84447,912,708.2,15,933.77
2024-06-09,Paid Social,119554,1855,1364.8,31,2072.6
2023-04-21,Paid Search,58252,2156,2649.28,117,9046.86
2024-08-05,Paid Search,54329,2297,2756.15,66,5335.3
2023-04-08,Display,121079,457,212.65,6,319.02
2024-12-15,Email,24742,520,30.36,26,2208.85
2023-08-17,Display,141117,536,246.81,6,338.45
2024-04-13,Video,59533,514,454.34,9,703.09
2023-09-13,Paid Search,59640,1966,2685.66,83,6334.38
2024-02-16,Display,108564,469,260.96,4,263.65
2024-03-31,Paid Search,37562,1157,1614.54,43,2750.38
2023-11-27,Video,60350,568,870.34,16,1111.9
2023-02-13,Video,37760,277,255.97,4,280.22
2024-10-20,Paid Social,153271,2236,1663.23,55,3859.91
2024-12-19,paid search,97022,3886,5385.88,166,12469.45
2024-06-25,Display,133847,546,293.48,5,284.32
2024-04-16,Video,48541,471,431.43,8,569.25
2024-04-09,Paid Social,103011,1188,794.88,22,1242.92
2024-11-22,Video,76978,659,601.78,10,672.62
2023-04-29,paid search,43347,1555,2158.69,49,3362.44
2024-11-01,Video,81848,647,647.72,8,753.64
2023-02-06,Paid Social,82873,1054,729.7,20,1278.14
2023-01-23,Video,24851,253,231.06,4,321.06
2023-01-22,Display,95901,375,176.55,4,204.46
2023-03-11,Video,52250,439,375.57,7,440.89
2024-05-02,Display,171177,581,272.42,6,363.84
2024-08-23,Paid_Search,67247,2521,3540.5,80,6076.59
2023-01-09,Paid Search,48459,1791,2037.77,74,5839.75
2024-10-07,Email,27550,661,39.12,29,2718.82
2024-08-24,Display,132110,599,301.32,7,422.64
2023-10-18,Paid Social,96194,1262,856.96,24,1657.92
2024-11-30,Video,71332,585,878.79,18,1165.64
2024-02-20,Display,143566,590,279.07,6,345.68
2023-07-16,Video,46388,433,389.78,6,458.15
2024-12-29,Display,273430,1068,586.59,13,707.18
2024-10-17,Video,54512,508,449.79,7,
2023-04-23,Video,58873,534,495.3,7,509.53
2023-10-03,Paid Search,66700,2468,3003.9,103,9309.58
2023-08-09,Email,16753,441,24.59,21,1753.87
2023-04-21,Video,45242,331,311.95,5,409.37
2024-09-24,Paid Social,110861,1260,878.13,26,1588.98
2024-11-28,Display,174283,671,591.82,11,714.14
2024-03-18,Paid Search,66018,2548,3390.46,133,9513.02
2024-12-05,Paid Social,189881,2382,1653.12,52,3405.04
2024-09-11,Display,152666,696,351.99,8,478.21
2023-01-06,Paid Social,67869,861,609.33,16,936.32
2023-05-01,Email,14380,373,21.96,15,1216.19
2024-04-22,Display,157597,603,325.48,6,413.26
2024-01-18,Video,36081,265,264.18,5,367.12
2023-09-06,Email,15834,455,30.11,24,2172.13
2023-06-09,paid_social,81131,950,597.2,20,1378.99
2024-12-11,Paid Social,146051,1994,1483.87,36,2349.34
2024-11-21,Display,215598,872,448.78,7,429.13
2023-08-30,Display,99242,325,162.54,3,181.18
2023-06-09,Display,105118,452,,3,160.23
2023-07-04,Paid Social,86048,944,761.17,25,1753.48
2023-08-07,Email,14610,413,28.69,29,2564.88
2023-01-25,Paid Search,39420,1405,1715.94,69,5850.76
2023-06-20,Display,121143,568,258.91,6,433.06
2023-02-27,Paid Search,46110,1657,1996.76,63,4863.41
2023-11-28,Video,65379,484,508.22,6,512.84
2023-07-10,Paid_Search,40587,1486,1852.64,50,3631.94
2024-06-23,Email,13549,340,19.24,16,1601.51
2023-03-12,Paid Social,95105,1106,803.84,20,1460.81
2023-01-05,Social,92763,1002,736.53,18,1179.36
2024-05-07,Paid Search,55025,1689,2001.89,57,4144.28
2024-01-15,Email,13403,344,19.78,15,1498.26
2023-01-19,Email,13942,330,19.8,13,1309.27
2024-10-02,Paid Search,66544,2616,3063.24,123,10014.5
2023-01-03,Paid Search,49154,1860,2243.82,88,7192.52
2023-09-06,Paid Social,97080,1239,958.91,26,1616.33
2023-08-17,Paid Social,76865,955,715.32,18,1121.2
2023-05-22,Paid Search,50962,1628,2042.87,63,5242.7
2024-11-25,Email,25113,628,75.7,66,6242.04
2023-10-31,Video,54848,394,,6,383.07
2024-09-04,Paid Search,76366,2727,3987.91,112,8486.24
2024-01-18,Paid Social,88094,1209,768.04,24,1590.87
2023-03-20,Video,46674,401,346.46,5,295.62
2024-04-15,Email,22413,590,41.25,33,2816.83
2024-01-12,Email,15212,438,28.67,21,2160.78
2024-03-23,Video,46385,339,295.85,5,355.39
12/04/2024,Email,27668,634,37.13,22,1723.98
2024-07-22,Paid Search,54985,2147,2698.85,96,7006.53
2023-10-12,Paid Social,106392,1331,936.93,30,1820.8
2024-07-26,Paid Search,47093,1756,1979.19,111,7766.94
2023-05-26,Paid Social,119823,1484,1079.02,27,1886.45
2024-04-21,Video,58046,524,470.64,7,406.57
2024-05-22,Video,49804,441,403.46,7,497.09
2024-06-13,Video,48159,301,238.14,4,257.97
2024-07-23,Display,152730,694,354.95,7,443.99
2023-11-28,Paid Social,110878,1200,873.72,23,1491.05
2024-05-19,Display,155509,677,326.54,7,388.9
2024-12-20,Paid Social,143739,1645,1065.88,32,2101.34
2024-04-11,Video,49334,371,285.56,6,408.87
2023-12-20,Paid Social,162302,1727,1191.77,34,2373.93
2023-10-15,Display,125145,576,296.6,6,279.55
2024-07-25,Video,53289,517,442.51,10,567.38
2024-03-02,Paid Search,54414,2406,2801.19,101,7273.18
2023-07-26,Email,13902,303,19.55,14,1355.12
2023-09-25,Display,137924,545,284.9,5,282.31
2024-08-25,Paid Search,69191,2338,2712.65,95,8178.88
2023-03-06,Paid Social,91107,1128,773.73,25,1755.99
2023-08-12,Email,12541,300,17.73,13,1084.87
2024-10-10,Video,62585,518,418.83,7,494.8
2024-05-24,Paid Social,127222,1405,994.99,27,1743.98
2023-08-01,Paid Social,103432,1354,921.04,28,1848.39
2023-01-24,Video,38054,328,285.36,4,296.18
2024-02-28,Paid Search,53241,1875,2269.44,77,6488.38
2023-05-11,Email,15261,378,26.37,16,1502.58
2023-01-20,Paid Search,37401,1147,1270.86,49,3491.13
2024-08-01,Paid Search,52143,1904,2267.68,69,5037.13
2023-10-06,Paid Search,58956,2392,2748.48,103,6662.94
2023-06-01,Paid Search,61490,1963,2522.37,86,7011.53
2023-12-09,Email,26193,690,42.6,56,5031.08
2024-01-14,Paid Search,50935,1648,1805.67,48,3645.57
2024-10-05,Email,16523,485,25.66,20,1803.59
2024-04-16,Email,17442,447,26.76,27,2165.29
2024-06-17,Video,44702,401,361.29,5,343.88
2023-08-10,Video,38344,247,212.19,4,311.49
2023-03-16,Display,123895,523,259.01,4,215.32
2024-08-18,Email,16042,372,24.03,19,1640.29
2024-12-18,Paid Search,124523,3934,-4798.17,140,10338.71
2024-09-28,Video,59528,484,376.89,5,326.54
2024-01-22,Paid Search,40819,1372,1536.54,67,4565.99
2024-03-22,Paid Search,63720,2002,2167.37,102,7254.18
2024-08-04,Display,137151,550,237.41,6,353.66
2024-12-03,Email,33281,771,47.72,33,2922.57
2024-10-19,Video,82520,764,644.94,10,736.61
2023-11-29,Video,61606,521,521.73,9,602.38
2024-03-02,Display,149026,517,235.92,4,264.39
2023-05-23,Paid Search,57220,2148,2372.76,86,6568.15
2024-12-27,Display,186205,935,458.86,10,503.48
2024-08-24,Social,135806,2081,1173.12,41,2480.13
2024-07-22,Video,43869,327,281.79,5,391.68
2024-11-10,Display,197994,640,303.18,7,403.3
2024-03-27,Paid Search,52243,1890,2313.2,89,7335.18
2024-03-09,Social,105939,1113,788.27,22,1183.69
2024-01-01,Paid Social,89347,1017,712.84,25,1761.66
2023-06-29,Email,13698,338,18.96,14,1155.96
2023-05-06,Display,131724,499,256.48,5,313.16
2023-05-16,Video,48596,472,397.67,5,324.0
2024-12-28,Email,30060,796,47.04,36,3617.39
2024-06-13,Paid Social,120600,1347,925.12,23,1650.7
2024-01-16,Video,37384,362,336.48,5,309.84
2023-01-04,Paid Social,77589,981,718.58,15,850.94
2024-05-03,Email,21126,622,36.3,22,1732.83
2024-04-01,Paid Search,72032,2524,3308.72,105,8574.3
2024-04-08,Display,167379,510,258.91,6,419.56
2024-11-17,Video,68519,500,454.94,6,439.79
2023-04-21,Paid Social,89193,1071,804.88,25,1570.12
2023-10-19,Email,19820,474,24.61,19,1644.14
2024-10-05,Video,57899,416,382.6,7,471.13
2024-03-06,Video,56429,500,380.52,7,443.44
2023-09-08,Paid Social,113965,1479,958.61,27,1738.43
2024-11-10,Email,17674,449,29.3,23,2000.51
2023-05-23,Video,46018,370,336.94,5,395.35
2023-05-15,Display,120869,494,247.15,4,240.46
2024-10-09,Video,52545,393,345.63,5,310.69
2024-07-06,Display,154202,625,321.6,5,259.21
2023-03-29,Display,125347,546,286.93,4,206.39
2023-03-14,Paid Social,86979,1214,918.19,23,1495.78
2023-08-02,Email,14039,343,22.75,12,1187.06
2023-02-06,Paid Search,56662,2027,,96,7816.03
2024-08-18,Video,56248,486,398.98,6,379.36
2024-07-14,Video,55487,466,460.08,8,569.54
2023-01-29,Video,45755,390,347.61,7,571.73
2024-08-11,Display,133477,515,298.55,6,368.58
2023-05-22,Video,44992,390,405.71,7,497.16
2024-06-10,Paid Social,85579,1162,753.52,24,1431.76
2023-09-25,Video,48998,488,424.33,9,656.71
2023-08-19,Paid Social,81639,1194,796.33,22,1420.62
2024-12-08,Paid Social,169148,1823,1384.12,32,1939.59
2023-04-11,Paid Search,65292,2499,2831.07,80,4639.13
2023-08-30,Email,16305,387,23.34,21,1935.8
2023-12-08,Paid Search,109706,3669,4495.27,171,13121.1
2023-04-26,Email,17178,433,26.82,24,1964.39
2024-05-28,Paid Social,127293,1480,1037.7,33,2150.13
2024-06-24,Paid Search,67156,2103,2698.02,101,8045.88
2023-10-08,Email,16301,385,20.51,23,1878.87
2023-09-01,Paid Search,50214,1466,1469.43,49,4363.48
2024-12-29,Email,24698,619,39.2,35,3254.1
2024-02-24,Paid Search,54245,2071,2330.29,63,5734.14
2024-05-15,Display,142264,490,213.94,5,306.71
2024-05-24,Email,18993,533,33.53,29,2483.46
2024-09-27,Email,18957,467,26.89,21,1955.99
2024-12-28,Paid Search,75426,2571,3433.32,107,7294.91
2023-02-07,Paid Search,58266,2077,2259.83,68,6256.08
2024-07-12,Video,28337,237,216.95,4,306.11
2024-12-09,Email,27185,674,35.83,35,3151.51
2023-08-20,Paid Social,96554,1115,779.41,22,1455.22
2023-03-13,paid search,54802,1964,2408.33,69,5303.18
2023-08-19,Video,43764,295,258.28,5,370.52
2023-08-15,Paid Search,46371,1581,1795.91,78,5984.47
2023-06-30,Display,130226,513,268.94,4,203.94
2024-10-31,Paid Search,69900,2510,3055.1,109,7757.01
2023-06-01,Video,37472,288,246.3,4,289.02
2024-10-24,Video,61721,501,461.06,6,398.99
2023-11-17,Paid Social,106932,1347,853.76,22,1464.61
2024-05-20,Paid Social,106726,1394,835.43,26,1869.55
2024-06-09,Video,56275,452,382.03,9,631.03
2024-12-24,Video,75600,645,593.62,11,821.93
2024-12-06,Paid Social,157201,1951,1318.34,41,2719.98
2024-05-26,Paid Social,110603,1498,1135.38,31,2174.36
2024-04-13,Paid_Search,66998,2301,2342.65,89,7529.01
2024-03-28,Paid Social,103429,1248,883.28,27,1704.13
2024-07-09,Email,17323,466,27.2,29,2311.62
2024-04-22,Video,56596,421,345.67,5,311.75
2023-06-07,Video,43385,352,321.47,5,393.85
2023-04-04,Paid Social,84645,1093,706.28,23,1610.93
2024-08-18,Paid Social,111513,1291,871.48,21,1375.64
2024-12-05,Video,70236,610,573.5,8,673.5
2023-04-13,Video,43546,363,334.12,6,569.68
2023-04-25,Paid Social,96862,1209,989.19,22,1565.44
2023-02-16,Email,14931,405,24.75,23,2022.02
2023-12-04,Email,25492,574,38.16,31,3019.38
2023-01-20,Display,103508,343,163.69,2,118.83
2023-03-20,paid search,40486,1425,1646.66,61,5103.99
2023-06-02,Email,16193,410,25.27,20,1985.13
2023-12-28,Video,81588,640,676.59,12,821.43
2024-07-26,Paid Social,78008,835,544.64,18,1195.9
2024-10-11,Email,24005,661,41.34,28,2215.09
2024-06-05,Paid Social,93137,1172,799.53,21,1372.06
2023-10-24,Video,44513,330,300.78,5,317.01
2023-12-12,Email,22552,491,30.86,26,2134.9
2023-06-05,Display,128132,568,298.3,6,334.27
2024-03-24,Video,63244,573,605.44,7,462.66
2023-06-23,Email,18170,520,26.57,32,2666.75
2024-02-14,Paid Social,87472,1177,864.33,24,1412.26
2023-08-30,Paid_Search,47844,1559,1743.69,88,7071.28
2023-09-20,Paid Social,100080,1153,738.56,22,1479.4
2023-01-04,Email,14113,320,20.5,18,1827.22
2024-06-27,Email,17819,518,32.8,26,2430.3
2024-06-10,Paid Search,60998,1934,2310.48,77,6731.38
2023-03-09,Paid Social,91062,985,672.88,18,1242.58
2024-12-14,Paid Search,107267,4034,4401.09,174,14777.34
2023-05-12,Email,20189,398,24.68,22,1884.93
2023-02-23,Video,35579,288,216.14,4,277.7
2023-01-08,Paid Social,89461,1064,637.79,17,1256.24
2023-06-04,Email,14914,413,26.66,23,2461.54
2024-01-27,Paid Social,103957,1164,771.47,29,2036.08
2024-03-25,Paid Social,100131,1163,803.61,24,1852.43
2024-07-31,Paid Social,77163,988,730.23,23,1431.58
2024-03-02,Paid Social,136858,1733,1127.74,31,2311.96
2024-12-02,Display,205759,751,655.47,17,947.48
2024-05-09,Video,41975,345,315.78,5,381.33
2023-01-27,Paid Social,63753,740,519.77,19,1175.61
2024-02-11,Display,120604,490,240.87,4,221.34
2024-03-05,Paid Search,55027,1753,2267.27,66,5213.99
2023-03-13,Video,34679,245,224.36,5,367.35
2024-02-19,Email,14224,401,22.76,22,1702.9
2024-10-15,Video,55349,407,390.12,6,398.03
2024-10-27,Paid Social,161323,1831,1236.68,30,1749.0
2023-09-21,Paid Search,74324,2549,3152.22,82,7204.56
2023-07-28,paid_social,86711,1118,776.74,26,1691.35
2024-11-07,Email,27762,813,46.24,37,3188.7
2024-07-01,Paid Search,53129,1692,1992.56,98,8785.72
2024-03-30,Paid Search,57015,1789,2258.0,82,6477.66
2023-12-05,Paid Search,81805,2447,2629.07,90,6195.71
2023-01-27,Paid Search,42564,1298,1638.79,50,3366.58
2024-08-14,Display,134379,567,293.7,5,308.95
2023-03-04,Display,146690,571,281.74,6,320.22
2024-06-20,Paid Search,70170,2402,3121.38,87,5849.22
2024-06-22,Display,156113,683,303.56,7,441.1
2023-01-14,Email,11368,271,15.99,16,1621.95
2024-05-10,Display,156986,643,326.61,7,430.07
2023-01-01,Paid Search,41262,1302,1659.07,60,3850.47
2024-04-17,Video,40256,344,293.72,5,324.02
2023-12-26,Paid Social,141771,1559,1256.07,27,1632.2
2024-02-12,Paid Search,59707,1995,2592.67,69,5542.91
2023-03-02,Paid Search,65321,1961,2521.57,75,5814.24
2023-04-26,paid search,46791,1872,2482.25,72,5823.87
2024-11-30,Paid Social,147756,1885,2761.69,73,5681.73
2024-08-03,Paid Search,48427,1473,1918.07,54,4043.25
2024-09-12,Video,61906,511,446.52,6,344.26
2024-10-21,Video,57116,519,455.18,8,642.5
2023-11-13,Display,176652,759,343.72,8,491.87
2024-02-20,Paid Social,69943,842,657.71,17,1068.48
2023-01-20,Paid Social,71137,801,552.77,18,1143.69
2024-10-18,Display,139228,585,324.23,6,325.25
2024-06-15,Paid Social,119813,1625,1144.64,35,2713.04
2023-02-12,Paid Social,78868,987,789.29,21,1444.03
2024-05-10,Email,19818,477,31.32,27,2649.12
2023-03-18,Display,138792,530,241.94,6,377.66
2024-04-24,Paid Social,94727,1092,694.59,29,1866.92
2023-07-24,Paid Social,97170,1211,903.65,21,1223.38
2023-07-30,Email,12313,285,15.52,17,1352.51
2024-03-30,Display,134192,482,255.96,4,245.68
2024-07-31,Paid Search,58337,2149,2608.19,81,6111.42
2023-05-14,Email,13496,380,20.69,15,1489.31
2024-10-05,Paid Search,67908,2084,2754.6,117,10087.64
2024-04-05,Paid Social,104456,1144,852.4,18,1324.68
2023-11-16,Paid Social,122843,1700,1364.4,42,2953.0
2024-07-01,Video,37957,265,265.3,3,205.47
2023-06-19,Video,59220,456,421.16,10,734.11
2024-09-14,Paid Social,114151,1652,1152.0,43,2430.25
2023-10-13,Paid Search,57414,2182,2818.64,96,8067.56
2023-07-16,Email,13536,320,20.53,19,1537.08
2024-05-29,Email,21817,444,25.61,26,2407.53
2024-02-06,Video,43520,309,277.28,3,185.16
2023-06-20,Paid Search,51698,1723,2223.49,69,5534.04
2023-08-25,Video,47423,377,282.98,6,414.8
2024-07-19,Email,16391,436,28.4,22,1947.46
2023-12-25,Email,35256,951,62.37,46,4047.33
2023-07-03,Video,39276,267,368.89,8,654.72
2024-02-11,Video,57803,435,385.07,6,456.26
2024-03-02,Video,59209,452,371.2,6,430.27
2023-08-08,Paid Search,59673,2446,3053.66,113,9979.54
2023-05-02,Display,129183,483,243.79,5,363.89
2024-11-05,Paid Search,81027,2432,2593.11,89,6936.25
2024-03-28,Display,161722,531,260.4,5,319.09
2023-11-05,Display,219181,918,417.34,8,562.99
2023-12-30,Video,90915,733,804.69,10,613.1
2023-12-19,Email,29434,730,42.19,39,3666.33
2023-02-12,Email,13610,335,24.51,14,1444.3
2023-05-05,Email,20398,522,30.71,29,2498.7
2023-12-14,Video,79885,686,613.12,11,729.04
2024-12-06,Video,65904,622,574.26,7,590.97
2023-02-10,Video,38051,266,244.38,4,279.27
2023-06-02,Display,156910,674,301.73,7,502.86
2024-03-16,Display,157234,566,418.89,7,387.92
2023-07-28,Video,37027,256,248.9,3,242.32
2023-10-23,Video,43823,368,380.4,6,378.16
2023-04-22,Email,13530,319,18.8,11,863.4
2023-02-27,Email,14194,423,22.71,19,1839.1
2023-04-16,Video,57144,475,433.44,7,546.69
2024-10-30,Display,130742,568,275.61,5,315.13
2023-12-26,Video,73030,543,475.14,8,546.78
2024-05-07,Video,60856,466,409.38,9,690.33
2023-09-11,PaidSearch,58617,1887,2387.57,83,6869.9
2024-05-28,Video,54112,477,426.37,11,752.06
2023-01-10,Paid Search,45518,1738,2123.24,77,6046.73
2024-12-17,Paid Social,185656,2632,1848.51,69,4356.95
2024-06-29,Paid Social,107255,1177,873.29,20,1368.28
2024-06-30,Video,45909,366,327.92,6,392.35
2024-09-09,Email,21097,564,39.72,25,2076.35
2023-10-23,Paid Search,63010,2720,2904.85,103,9528.31
2024-01-11,Email,17451,444,26.87,23,1752.0
2023-02-23,Paid Search,55024,1956,2414.19,79,6162.05
2024-04-21,Paid Search,54418,2061,2187.77,76,6347.69
2023-11-25,Paid Search,56848,2092,3725.12,166,11153.25
2023-06-07,Display,119714,469,224.68,5,346.43
2023-07-11,Paid Search,58854,1963,2818.57,78,6337.38
2024-07-28,Email,16697,376,20.65,18,1638.85
2024-06-14,Paid Social,128510,1293,880.38,31,1743.55
2024-09-07,Paid Search,53880,1884,1969.32,62,5370.34
2023-04-20,Paid Social,83451,821,600.1,23,1717.86
2023-09-28,Paid Search,57973,2146,2322.34,91,8594.38
2024-04-27,Video,46196,400,392.0,5,468.26
2023-10-29,paid search,61511,1744,2085.59,94,7429.68
2024-01-01,Paid Search,54044,2062,2803.04,72,5490.25
2023-06-03,Email,15372,405,27.12,20,1885.79
2024-02-15,Display,126011,476,301.57,4,188.65
2023-03-25,Display,164011,642,361.63,7,364.28
2023-01-14,Paid Social,82702,1064,802.65,24,1544.36
2023-09-13,Email,15979,392,22.12,20,1787.56
2024-09-10,Email,24785,681,43.56,31,3053.1
2024-04-20,Paid Social,120618,1702,1336.86,36,2270.46
2024-06-28,Display,151543,151949,336.51,9,484.39
2024-10-02,Email,20810,478,26.76,25,2245.75
2023-09-20,Paid Search,51737,1963,2231.75,83,6850.63
2024-07-09,Paid Social,82928,1015,699.07,26,1748.56
2024-10-11,Paid Social,103996,1429,943.32,31,1853.34
2023-07-29,Display,95185,306,176.67,4,234.16
2024-08-26,Display,120803,551,267.72,5,285.13
2024-01-10,Paid Search,55499,1836,2097.23,61,4277.55
2023-03-17,Display,106900,438,228.0,5,268.04
2023-10-19,Paid Search,63298,2788,3369.98,146,11802.27
2024-07-17,Video,46642,345,303.95,5,349.16
2024-01-25,Paid Search,40448,1313,1465.08,46,4382.82
2024-03-31,Email,16684,436,25.97,21,1997.74
2023-12-20,Display,200066,719,344.81,7,379.2
2023-12-24,Video,76015,652,577.07,9,590.41
2023-08-07,Display,116870,525,254.38,6,354.31
2024-04-02,Paid Social,82395,852,628.9,11,808.15
2024-03-19,Display,161795,642,308.31,7,354.4
2023-08-03,Paid Search,50223,1572,1852.11,50,3559.74
2023-10-13,Paid Social,94130,1060,747.94,21,1465.48
2024-10-25,Email,20117,461,31.68,18,1939.17
2024-02-15,Paid Search,59978,1857,2444.89,114,9223.89
2023-12-21,Video,58708,571,484.73,11,763.61
2023-04-12,Paid Social,78167,821,599.75,13,826.15
2023-06-29,Paid Search,61420,2009,2250.1,86,5753.09
2024-11-21,Paid Search,69420,2607,3653.89,116,10472.2
2023-09-29,Video,46226,426,383.79,7,532.91
2024-04-15,Paid Search,67443,2512,3005.43,104,7205.37
2024-12-05,Paid Search,89093,3131,3664.5,99,7042.95
2023-05-26,Email,19582,448,27.47,19,2168.26
2023-02-20,Video,32706,312,323.48,4,267.8
2023-09-16,Paid Search,54680,1832,2130.09,53,4241.89
2024-09-13,Paid Social,122226,1411,964.25,35,2195.91
2023-04-06,Email,15933,395,23.25,18,1631.23
2024-04-15,Video,40221,327,292.03,4,278.57
2023-01-31,Video,37205,314,252.36,4,295.09
2024-09-16,Video,51840,420,365.61,8,694.9
2023-03-05,Paid Search,46160,1626,1845.32,75,5199.75
2023-02-08,paid_social,60587,720,627.5,16,959.0
2023-09-17,Video,58971,473,426.52,7,462.59
2023-11-21,Paid Search,80666,2836,6510.73,244,19401.76
2023-03-30,Paid Social,71731,909,679.32,19,1208.17
2023-02-19,Paid Social,97356,1248,773.43,24,1326.92
2023-05-04,Email,18193,541,32.45,23,2271.54
2023-01-01,Video,45474,355,294.75,5,437.19
2023-07-09,Email,12390,284,21.9,18,1416.1
2023-01-22,Paid Social,78193,1012,725.78,22,1420.73
2024-05-26,Video,58619,534,479.67,10,687.89
2023-11-07,Paid Social,120485,1248,806.4,24,1364.92
2024-07-23,Video,42756,332,312.75,5,402.53
2024-11-20,Paid Social,161007,1692,1239.64,40,2551.99
2024-12-17,Paid Search,105397,4530,5470.22,180,14480.61
2024-03-30,Video,50908,419,334.31,8,500.62
2024-03-06,Display,150961,620,313.17,8,402.02
2024-07-04,Paid Search,58493,1968,2074.69,80,6950.97
2024-05-08,Display,158430,565,296.92,4,193.2
2023-01-19,Social,70394,715,537.86,13,962.25
2023-11-15,Display,232620,799,356.41,9,614.11
2023-08-14,Video,42744,344,296.17,5,374.26
2024-12-01,Display,252268,954,895.91,25,1792.49
2023-06-16,Video,47806,435,390.64,6,451.21
2023-10-17,Video,59706,445,368.83,7,450.12
2023-09-18,Video,50087,389,325.65,7,509.01
2024-01-18,Email,16974,390,22.95,21,2151.0
2023-05-02,Video,45737,383,318.53,8,559.88
2024-08-29,Display,154307,588,333.94,5,284.81
2023-04-22,Paid Social,103487,1280,936.59,25,1605.6
2023-01-26,Display,82447,367,185.14,3,195.67
2023-01-21,PaidSearch,38281,1526,1779.75,68,4831.22
2024-09-14,Video,59349,432,347.24,5,306.84
2023-05-29,Paid Social,97874,1182,797.22,20,1145.34
2023-09-02,Display,161645,696,356.15,7,410.09
2023-02-14,Email,14946,374,19.74,26,2229.39
2023-05-13,Paid Social,105143,1341,898.86,23,2022.84
2024-03-18,Email,19033,535,34.58,29,2471.3
2024-01-09,Paid Social,89652,1147,752.76,26,1663.11
2023-10-22,Email,17858,370,24.63,18,1583.41
2023-12-21,Paid Search,83042,2927,3166.64,151,13173.19
2023-08-09,Paid Social,79208,967,724.78,17,1046.25
2024-04-21,Email,16274,438,26.51,25,2156.17
2023-07-04,Video,45832,375,441.69,8,711.0
2024-03-13,Video,47364,444,489.82,9,702.3
2023-04-24,Email,15875,453,30.95,28,2406.47
2023-10-09,Video,43650,318,298.7,4,262.47
2024-05-24,Display,148338,503,260.85,4,237.03
2023-04-15,Email,11972,300,19.26,18,1508.93
2023-12-09,Paid Social,205526,2334,1889.07,47,3650.88
2023-02-28,Paid Search,47357,1683,2271.91,46,3504.02
2023-07-10,Video,40786,313,279.78,4,288.31
2023-05-21,Email,13480,356,20.75,21,1839.36
2023-09-07,Video,38510,289,240.31,4,266.19
2024-10-24,Email,23245,610,33.62,26,2236.28
2024-05-14,Display,129256,498,267.48,5,246.0
2023-12-07,Email,31141,799,48.36,42,3883.27
2024-08-13,Email,20617,476,27.64,23,2097.28
2023-11-19,Display,203170,864,464.03,9,464.43
2024-07-29,Video,54609,445,338.89,5,325.33
07/08/2024,Video,46261,327,273.79,6,514.11
2024-09-08,Paid Social,133332,1913,1451.56,35,2057.71
2024-02-15,Email,14619,353,20.12,11,935.01
2023-09-23,Video,51223,444,439.82,7,510.11
2023-12-04,Paid Social,147507,1806,1276.52,27,1740.95
2023-05-28,Paid Search,52658,1992,2549.82,62,3862.68
2024-11-18,paid_social,122320,1240,927.73,23,1545.22
2023-02-21,Email,13906,322,18.59,18,1442.91
2023-02-19,Display,125243,490,276.91,5,301.57
2024-09-15,Display,148555,550,277.52,6,392.08
2023-10-05,Video,44757,348,282.89,5,343.73
2024-06-07,Video,52409,481,396.21,7,416.58
2024-03-28,Paid Search,45279,1465,1777.55,57,4663.5
2023-07-13,Video,43815,327,281.23,5,326.23
2023-10-14,Display,170323,682,301.8,6,321.86
2024-06-08,Email,15239,372,27.61,15,1394.34
2023-07-12,Paid Search,60640,2150,,85,6606.43
2023-11-04,Paid Social,140454,1774,1274.78,39,2919.62
2023-09-05,Email,18860,504,29.94,30,2812.16
2024-05-09,Paid Social,88980,1155,840.89,28,1782.03
2023-10-25,Display,182402,824,451.99,9,504.08
2024-08-02,Video,48295,410,365.77,7,507.3
2023-12-09,Video,75689,671,528.13,8,561.93
2024-09-18,Paid Search,72122,2361,2844.97,86,6363.96
2024-02-25,Paid Social,104593,1153,795.04,24,1109.39
2023-03-02,Email,20033,489,30.19,29,3103.2
2023-02-05,Video,43039,339,315.76,7,477.94
2023-09-01,Paid Social,84967,1038,652.12,17,995.74
2023-06-04,Video,67120,579,568.49,11,811.96
2024-11-04,Email,23418,506,28.74,23,2222.51
2023-05-31,Paid Search,57546,1955,2163.02,106,9883.92
2024-11-10,Video,88837,661,617.71,9,619.23
2024-03-14,Display,113120,420,247.59,7,405.58
2024-08-25,Email,12311,334,20.96,17,1862.59
2024-06-20,Email,27201,762,45.0,34,3302.48
2024-05-02,Video,41732,283,263.54,4,280.65
2023-01-31,Email,13753,326,18.71,14,1184.2
2024-04-29,Paid Search,50096,1705,2316.08,64,5042.64
2023-07-31,Video,41751,333,318.07,6,452.29
2024-04-22,Paid Social,133524,1592,1000.76,26,1826.47
2023-05-30,Display,140027,526,290.97,7,466.07
2024-10-11,Paid Search,74418,2394,2578.73,109,8661.47
2024-09-05,Display,171991,707,326.94,8,405.09
2023-11-25,Video,71512,588,855.28,14,1025.52
2023-01-12,Email,11161,290,17.6,14,1112.49
2024-05-04,Email,16508,423,25.36,20,1933.41
2024-06-09,Email,13093,322,19.55,18,1543.16
2023-08-22,Display,102243,417,245.54,3,174.52
2024-12-14,Paid Social,195198,2327,1705.84,45,2703.6
2024-01-25,Display,103767,412,219.75,3,161.9
2024-10-28,Paid Social,124665,1338,993.74,24,1381.79
2023-08-03,Paid Social,97391,1132,728.11,24,1509.87
2024-01-14,Email,12238,282,17.3,15,1322.63
2023-03-14,Paid Search,52344,1904,2475.06,65,5007.01
2023-01-10,Video,37655,332,278.99,5,420.55
2023-12-17,Video,73354,536,528.46,9,617.29
2024-07-16,Video,59833,388,367.47,5,434.55
2024-04-28,Email,13706,408,22.06,20,1450.19
2023-02-01,Paid Social,82588,961,644.94,19,1385.34
2023-03-31,Paid Search,44912,1749,2043.87,83,6727.02
2024-04-28,Video,59546,383,355.38,5,404.48
2024-07-29,Paid Social,89792,1045,802.16,26,1461.86
2023-01-18,Paid Search,47139,1574,1890.69,68,5546.21
2024-07-02,Email,14646,396,23.34,22,1992.41
2023-03-15,Paid Social,90290,1123,705.25,18,1070.65
2023-05-22,Email,20747,582,37.98,24,2115.62
2024-06-01,Email,18159,498,29.12,29,2642.02
2023-12-10,Video,95430,735,683.89,11,901.61
2024-02-01,Paid Social,67950,853,654.68,18,1240.47
2024-12-21,Display,235681,978,562.27,11,714.05
2023-04-18,Paid Social,103654,1350,989.59,23,1698.73
2023-11-23,Paid Social,130357,1423,1686.46,59,4577.94
2023-05-14,Paid Social,97131,1177,730.99,24,1421.0
2024-08-28,Video,50536,460,401.41,6,453.18
2024-08-21,Display,150572,683,306.39,6,335.77
2023-10-26,paid search,59730,2086,2381.59,71,5345.59
2023-02-23,Email,16996,400,24.46,17,1552.56
2024-07-14,Paid Social,95734,1164,832.29,22,1565.27
2023-09-30,Video,50312,418,438.95,7,551.53
2023-11-27,Paid Social,154854,1883,2314.24,83,5793.75
2023-10-26,Paid Social,107814,1516,998.55,30,1711.6
2024-05-20,Video,54173,432,406.13,7,487.28
2024-05-06,Paid Social,102400,1203,851.98,22,1494.15
2024-02-03,Paid Search,51408,1900,2322.65,88,6924.58
2024-01-14,Video,53950,464,403.06,6,429.86
2024-07-29,Email,16925,445,26.6,22,2464.36
2024-11-25,Paid Social,147840,1706,2128.06,58,3572.47
2023-02-25,Email,14282,368,20.3,16,1410.15
2023-10-17,Email,19922,524,30.78,28,2275.45
2024-01-31,Paid Search,55180,1598,1951.22,81,6634.41
2023-04-05,Paid Search,57679,1938,2273.29,80,6638.57
2023-02-04,Video,54909,383,336.99,8,599.99
2023-08-15,Video,49268,365,330.84,6,399.74
2023-10-04,Email,16767,482,28.13,24,2172.74
2024-08-06,Email,15137,337,19.76,17,1460.75
2024-10-29,Paid Social,111514,1384,947.54,28,1951.22
2023-09-08,Video,45277,346,310.2,5,323.74
2023-12-29,Email,23266,723,43.13,38,3101.52
2024-08-11,Email,14504,389,24.18,24,2407.04
2023-04-09,Email,10058,285,17.57,11,1040.63
2024-11-28,Paid Social,117849,1539,1903.15,67,4264.09
2024-06-10,Email,17767,432,23.77,24,2172.26
2023-08-04,Video,38831,329,303.71,5,323.83
2024-10-23,Paid Search,76294,2803,3558.48,96,7162.88
2023-05-18,Display,129444,635,285.68,7,416.21
2024-04-23,Display,141015,649,340.27,6,367.4
2024-08-25,Video,42557,350,348.9,5,301.54
2023-11-14,Paid Search,61825,1712,2215.34,59,4397.07
2024-03-15,Display,161298,627,401.73,8,518.29
2024-02-20,Email,22021,477,28.78,17,1489.85
2023-08-05,Paid Social,95271,1057,795.13,24,1552.57
2024-05-10,Video,61914,516,465.25,9,810.92
2023-02-09,Paid Social,86095,959,602.39,18,1180.76
2023-06-08,Email,16892,457,25.68,20,1764.14
2024-01-31,Display,123279,491,226.0,6,347.9
2023-03-03,Video,46508,407,346.98,6,426.8
2024-06-28,Paid Search,61955,2467,2576.82,101,7430.08
2024-08-05,Paid Social,102237,1379,890.3,26,1492.54
2024-12-20,Video,72146,510,397.44,7,500.47
2024-08-27,Display,153922,650,318.43,7,411.72
2023-11-26,Video,70860,528,802.69,14,1101.4
2024-09-27,Paid Search,54021,2061,2508.49,91,7372.93
2024-03-26,Paid Social,96722,1167,762.26,26,1937.5
2024-08-24,Video,47652,447,414.34,6,449.56
2024-02-27,Video,52446,378,332.32,7,512.55
2023-04-19,Paid Search,45401,1463,1790.73,57,4334.76
2023-06-29,Video,35697,297,270.74,5,382.48
2023-09-27,Display,146027,522,230.34,6,372.65
2024-08-15,Display,130776,501,240.06,6,338.37
2023-09-09,Video,55741,496,451.01,7,497.83
2024-09-28,Display,177274,712,324.52,7,430.57
2023-05-31,Email,19511,526,31.15,25,2581.5
2023-09-04,Email,18462,408,24.31,21,1998.46
2023-05-20,Paid Search,46913,1302,1446.48,45,3440.12
2024-12-13,Paid Search,106202,3759,4079.56,147,13164.37
2024-09-12,Display,149787,607,321.74,7,400.66
2023-10-15,Paid Search,57106,1913,1812.21,63,5496.83
2023-11-02,Video,78059,584,546.84,9,610.9
2023-04-03,Paid Social,84991,1142,864.23,21,1268.45
2023-03-02,Video,47360,319,252.32,3,233.66
2024-12-25,Paid Social,150639,2244,1539.29,40,2917.62
2024-12-10,Display,254431,1030,542.54,9,540.68
2024-10-06,Display,206068,791,454.01,6,352.72
2024-10-18,Email,20458,547,30.71,31,2745.69
2023-12-13,Email,23413,570,37.4,25,2058.94
2023-10-16,Email,16279,443,27.14,23,1888.3
2024-05-08,Paid Social,134577,1785,1347.55,34,2147.62
2024-10-06,Paid Social,144813,1592,1071.87,32,2105.37
2024-03-27,Email,17364,451,26.89,26,2419.82
2024-04-20,Email,15164,395,27.05,19,1548.65
2024-06-09,Paid Search,53290,2135,2880.85,76,5902.9
2024-05-16,Display,162641,691,345.17,7,364.69
2024-05-21,Paid Search,73765,2726,3335.86,111,8507.83
2023-05-17,Display,139824,524,324.05,4,218.82
2024-05-07,Paid Social,125999,1326,848.1,25,1555.55
2024-02-01,Paid Search,55597,1840,2213.49,71,5119.39
2023-08-05,Video,47470,373,349.27,6,438.55
2024-06-28,Paid Social,102067,1026,758.65,22,1421.79
2023-06-10,Paid Social,134057,1512,1035.97,28,1859.02
2024-01-30,Email,13570,338,,19,1816.14
2024-06-17,Paid Social,84824,993,700.83,18,1203.2
2024-11-16,paid_social,179872,2395,1658.48,55,3899.2
2023-05-27,Paid Social,101560,1185,871.05,19,1448.86
2024-08-18,Display,148723,676,351.63,6,334.68
2023-01-14,Paid Search,43952,1486,1718.45,68,5203.5
2024-10-30,Email,22110,561,35.75,26,1993.55
2023-07-15,Display,139582,505,268.38,5,303.92
2024-12-18,Email,27963,854,49.08,40,3175.24
2024-07-02,Video,57993,431,398.67,8,637.58
2024-01-12,Paid Search,54562,2202,2547.58,89,5679.14
2024-02-12,Video,48548,393,379.4,5,393.33
2023-05-07,Paid Social,129373,1445,957.94,28,1896.9
2024-05-18,Paid Search,53863,1887,2540.06,82,5389.89
2023-12-17,Paid Social,186306,1908,1338.89,32,2187.85
2023-02-16,Paid Search,40781,1345,1655.27,64,4640.99
2024-03-07,Email,20737,537,35.82,27,2409.21
2023-09-24,Paid Search,42877,1348,1735.1,56,4551.71
2024-08-20,Display,149123,574,262.09,5,283.09
2023-11-27,Email,29559,761,75.09,70,6822.46
2024-02-04,Email,13163,338,19.56,21,1935.4
2023-10-19,Paid Social,103763,1216,851.92,27,2069.11
2023-08-21,Paid Search,44857,1514,1780.17,48,3392.74
2023-02-26,Email,13428,299,19.61,15,1202.75
2023-08-22,Email,16782,463,26.83,21,1948.67
2023-12-03,Email,21362,590,31.38,28,2029.69
2024-06-26,Email,17311,421,26.7,22,2102.28
2023-08-29,Email,15991,354,21.26,21,1935.59
2024-04-03,Paid Social,82582,1078,702.82,25,2239.66
2023-09-09,Email,13570,319,20.15,21,1491.85
2024-10-24,Display,160833,635,346.32,7,350.63
2023-02-14,Display,112412,421,186.72,5,302.48
2023-06-23,Paid Search,59713,1827,2122.17,67,5201.71
2024-03-10,Paid Social,117920,1558,1335.09,29,1786.14
2023-07-24,Paid Search,52229,1887,2339.87,83,5243.55
2023-09-15,Video,52026,381,366.22,6,395.86
2024-02-03,Video,44382,398,353.11,6,462.97
2024-03-22,Paid Social,119800,1492,1223.16,34,2158.71
2024-03-07,Paid Social,124202,1562,1144.63,36,2527.56
2024-09-22,paid search,61954,1980,2456.89,78,5724.98
2024-11-12,Paid Search,72072,2708,3714.42,117,9089.26
2024-10-21,Email,26862,712,44.06,43,3551.83
2024-07-15,Video,50928,415,435.4,7,473.44
2024-08-26,Paid Social,93859,1186,755.19,19,1507.34
2023-01-04,Video,38505,304,269.67,4,260.55
2023-11-15,Email,22095,478,32.65,22,2266.25
2024-09-13,Paid Search,66824,2523,3059.69,83,5968.51
2024-10-10,Paid Social,106704,1292,821.38,22,1235.73
2023-08-19,Email,10775,209,12.2,9,726.62
2023-01-03,Email,16796,440,27.13,23,2142.98
2024-07-15,Paid Social,108085,1429,978.44,32,2096.28
2024-01-11,Paid Social,75858,968,675.25,20,1347.27
2024-10-03,Email,26320,639,37.41,40,3884.62
2023-05-13,Paid Search,41964,1466,1636.67,56,4332.51
2023-09-22,Display,146526,681,320.7,8,434.71
2024-01-29,Paid Social,112720,1379,1017.85,21,1300.39
2023-11-02,Paid Social,114189,1359,946.72,43,2509.56
2024-10-06,Paid Search,76227,2691,2827.28,82,6561.25
2023-02-17,Paid Social,69507,724,420.29,12,830.51
2024-10-07,Paid Social,96207,1128,841.47,21,1334.67
2023-07-24,Email,14327,334,18.03,19,1656.68
2024-03-29,Video,49878,415,399.73,7,532.49
2024-12-13,paid_social,134939,1385,941.12,27,1607.92
2024-11-12,Paid Social,157248,1761,1295.98,34,2588.02
2024-03-24,Display,163147,732,454.31,7,389.47
2024-07-09,Display,108799,500,248.6,4,211.52
2024-09-25,Paid Social,108615,1179,995.66,28,1870.39
2024-02-19,Video,58975,397,334.67,6,541.61
2024-05-18,Video,58254,494,456.14,6,491.69
2023-04-28,Paid Search,70853,2205,2474.53,91,8338.84
2024-09-13,Email,22945,601,36.24,31,2903.65
2024-04-06,Paid Social,109695,1144,909.78,23,1809.21
2024-05-31,Video,51667,429,373.66,6,421.68
2024-07-17,Paid Search,52537,1589,2029.55,71,6025.2
2024-12-23,Paid Search,105575,3423,3921.54,128,8295.48
2024-05-05,Paid Search,53987,1815,2274.36,64,4791.21
2023-12-06,Paid Social,134849,1667,1263.22,29,1884.09
2023-04-24,Video,47069,356,356.46,6,395.13
2024-01-26,Email,19702,480,30.14,22,2125.35
2024-01-22,Email,15469,403,24.95,27,2502.88
2023-07-02,Display,108098,406,188.84,5,317.5
2023-07-21,Video,41602,344,320.3,6,434.44
2023-06-25,Video,51184,456,384.35,9,712.35
2024-10-18,Paid Social,112374,1254,840.16,24,1545.87
2023-07-06,Email,14224,355,28.66,27,2649.32
2024-12-12,Paid Social,155403,1666,1182.89,31,1831.92
2024-12-27,Paid Social,172692,1992,1577.2,36,2599.38
2023-03-31,Video,35394,293,252.16,4,256.85
2024-09-01,PaidSearch,57001,2094,2620.13,96,8633.57
2023-01-02,Display,106086,376,185.46,3,169.24
2024-10-15,Paid Social,140048,1458,1004.38,34,2203.34
2024-06-01,Video,52870,526,509.23,7,617.83
2024-03-29,Display,156995,670,378.96,6,397.71
2023-09-24,Paid Social,116259,1451,1038.35,27,1906.36
2024-07-30,Paid Search,58335,2233,2845.84,106,8266.41
2024-03-08,Paid Social,94215,1162,796.08,25,1681.48
2024-07-13,Display,112370,457,205.09,4,246.46
2023-11-09,Email,18758,463,27.18,29,2512.41
2024-09-30,Video,68235,534,476.48,9,649.38
2024-02-05,Email,16286,468,31.83,25,2035.89
2024-06-27,Paid Social,108103,1604,1083.06,33,2007.86
2023-01-25,Social,65880,722,524.34,14,753.61
2023-01-24,Paid Social,69903,733,530.65,16,1159.82
2023-02-24,Video,37966,287,238.52,3,219.15
2024-08-19,Paid Social,93567,1087,773.1,24,1673.37
2024-10-01,Paid Search,80918,2486,2934.34,116,8677.36
2024-04-29,Video,54026,407,413.08,7,463.95
2023-02-13,Paid Search,54769,2023,2701.74,79,5747.74
2023-01-08,Paid Search,45663,1580,1772.75,56,4661.63
2024-10-28,Video,52714,400,315.26,6,445.64
2023-05-04,Video,41220,345,272.12,7,545.59
2024-04-16,Paid Search,47991,1705,2099.72,82,7484.29
2024-02-26,Paid Search,51618,2078,2293.19,74,5895.31
2023-02-22,Video,40846,342,302.79,6,371.3
2023-07-09,Paid Search,43030,1557,2069.09,92,4982.35
12/21/2023,Email,29318,777,49.71,37,2934.42
2024-10-01,Email,19530,546,32.83,25,2324.84
2023-06-24,Paid Social,86844,1018,723.44,18,1350.06
2023-03-30,Display,118630,483,205.27,5,299.17
2023-02-13,Email,17657,424,24.65,18,1446.25
2023-11-03,Email,20290,462,29.77,28,2902.99
2024-04-09,Paid Search,65472,2599,3416.68,104,6391.73
2024-12-30,Email,33495,876,54.95,39,4113.11
2024-12-28,Paid Social,224286,2472,1703.86,52,3102.29
2023-02-03,Display,125547,453,229.8,3,164.29
2024-06-20,Video,44439,349,343.36,4,298.15
2023-03-15,Video,46984,320,309.25,5,352.35
2024-10-27,Email,15520,382,21.41,15,1235.54
2024-01-07,Email,15171,422,27.2,31,2754.4
2023-03-07,Paid Search,58057,1736,2072.07,58,4295.5
2024-04-19,Display,147124,583,292.06,7,376.47
2023-05-29,Display,144391,631,320.98,7,393.38
2024-03-08,Paid Search,56231,1791,2384.97,79,6546.3
2023-04-12,Paid Search,51952,2316,2877.59,85,6945.63
2023-02-18,Paid Search,39407,1366,1424.17,44,4246.38
2023-04-07,Email,18206,554,35.32,35,2837.91
2024-10-03,Display,134467,542,277.54,5,321.98
2023-10-06,Email,16281,390,24.63,21,1853.72
2023-10-19,Display,159408,666,336.53,6,347.94
2023-12-31,Video,68927,639,571.58,10,681.98
2023-08-13,Display,131463,537,253.84,5,299.11
2023-09-20,Video,49382,372,310.97,7,606.8
2023-09-30,Display,165160,666,375.69,8,458.53
2023-04-08,Paid Social,100795,1709,1223.9,32,2397.37
2023-12-31,Email,22760,579,34.63,26,2118.61
2023-05-10,Paid Search,56101,2088,2181.63,86,6451.12
2024-01-06,Display,115385,516,284.75,5,342.4
2023-06-22,Video,37717,342,295.63,5,391.6
2024-06-13,Display,178753,762,463.92,7,340.36
2024-07-14,Email,11960,303,18.47,14,1477.15
2023-11-12,Paid Search,58052,2038,2655.39,58,4683.14
2024-04-28,Display,127974,504,278.07,4,293.05
2023-08-26,Paid Search,39529,1340,1655.69,59,4537.57
2023-05-05,Display,128391,436,234.24,4,258.72
2023-07-17,Paid Search,53968,1641,2022.05,63,4682.39
2024-12-04,Video,92261,696,590.22,9,704.06
2024-05-20,Email,26024,638,41.16,31,3398.17
2024-12-11,Video,89152,770,643.19,10,708.76
2023-03-18,Video,51530,377,330.14,6,422.96
2024-06-06,Paid Search,49337,1875,2144.04,71,4599.52
2024-12-21,Email,24376,610,35.28,28,2523.28
2023-02-24,Paid Search,44701,1615,1922.98,88,8033.54
2024-07-29,Display,127462,557,252.99,6,347.68
2023-08-21,Email,18810,495,32.24,29,2304.79
2023-01-07,Video,43830,413,437.45,6,462.08
2024-01-14,Paid Social,113278,1614,1222.66,34,1998.67
2024-03-05,Email,15152,345,21.77,18,1303.85
2024-04-07,Paid Social,133444,1478,1027.59,30,2271.54
2024-01-18,Paid Search,45630,1681,2108.25,43,3777.96
2023-12-23,Display,191551,780,425.06,6,329.41
2023-03-07,Email,14151,322,17.67,15,1243.47
2023-06-07,Paid Search,55389,1947,2298.78,66,5070.82
2024-04-27,Email,16709,411,23.57,18,1558.32
2024-06-24,Email,18313,381,22.1,19,1678.65
2024-07-12,Paid Search,66809,2313,2606.49,86,7488.27
2023-04-15,Paid Social,96707,1209,869.4,18,1081.59
2024-08-24,Email,11783,298,15.34,17,1395.84
2024-04-08,Paid Search,65036,2212,2741.81,124,9413.98
2024-10-09,Display,152283,675,357.8,6,305.76
2024-01-09,Email,14429,357,23.11,21,1678.23
2023-12-20,Email,22270,578,36.54,20,1794.87
2024-01-29,Email,13782,321,18.43,17,1506.42
2023-09-26,Email,18248,367,22.69,19,1497.76
2024-09-26,Email,21418,585,33.27,23,1655.18
2023-04-16,Email,13605,337,19.22,19,1733.78
2023-04-08,Video,66006,484,408.78,6,487.8
2023-06-13,Display,107860,489,271.74,6,324.87
2023-11-11,Display,178353,708,326.38,9,548.4
2023-08-15,Display,110236,504,283.3,5,311.3
2024-08-18,Paid Search,54046,1749,2077.91,64,6282.72
2023-12-21,Paid Social,134481,1507,1063.28,35,2859.72
2023-06-03,Display,122099,486,272.09,5,371.63
2024-07-18,Email,16623,389,23.42,19,1494.95
2023-09-19,Display,137704,544,205.09,5,290.52
2023-07-25,Video,39812,285,273.23,4,276.1
2023-02-14,Video,38795,328,282.18,4,300.71
2024-06-02,Video,53085,426,411.94,5,351.57
2024-01-03,Paid Search,50407,1803,2119.28,90,6415.35
2024-05-16,paid_social,109848,1237,870.94,23,1756.9
2023-07-31,Email,16911,441,28.48,20,1626.19
2023-03-03,Display,117683,538,287.52,5,332.69
2024-05-30,Display,128416,485,272.0,4,215.26
2023-05-08,Display,115256,489,245.33,5,329.53
2023-04-08,Paid Search,48832,1581,1963.65,56,4668.62
2023-05-10,paid_social,89487,1198,791.51,22,1431.47
2023-12-31,Paid Search,61457,2323,3073.81,102,7286.05
2024-07-11,Display,135709,604,293.49,10,548.17
2024-01-17,Paid Search,43580,1530,1857.77,57,4643.88
2024-08-29,Email,17267,412,25.11,21,1773.48
2024-03-26,Email,16258,443,22.68,23,2032.89
2023-03-17,Video,38785,309,249.19,5,373.59
2023-01-29,Paid Search,42218,1338,1353.82,56,4026.96
2024-01-03,Paid Social,80009,759,522.56,14,984.19
2024-03-23,Paid Search,47749,1665,,58,4388.11
2024-07-10,Video,42766,387,359.09,6,495.53
2023-03-31,Paid Social,94899,1158,761.68,31,1945.37
2023-06-11,Email,12097,310,21.05,13,1328.92
2024-01-10,Video,40117,304,273.67,4,281.63
2024-04-05,Display,127473,545,,7,461.5
2024-01-09,Video,32246,276,233.98,5,335.99
2024-05-06,Display,132863,516,210.62,5,240.22
2023-03-22,Display,120094,533,299.95,5,269.77
2024-08-07,Email,16591,402,25.07,16,1779.81
2024-12-22,Paid Search,96844,2875,3879.94,129,10022.92
2023-07-25,Display,119355,536,265.95,4,269.63
2023-07-17,Email,14162,335,17.87,16,1603.7
2023-06-13,Video,51050,346,327.96,5,343.76
2023-05-27,Display,136844,554,294.28,4,220.2
2023-01-21,Email,11237,306,19.67,16,1372.66
2023-02-18,Paid Social,74376,778,628.49,14,939.69
2024-11-01,Display,206477,726,391.85,5,273.49
2023-10-20,Paid Social,113891,1481,1020.26,27,1873.61
2023-01-05,Paid Search,43291,1415,1872.46,55,4110.13
2024-03-04,Paid Search,59112,2001,2981.09,85,6169.74
2024-06-16,Email,19585,446,23.91,29,2912.47
2024-09-29,Email,15438,364,18.53,17,1670.76
2023-01-06,Display,124944,592,272.74,6,313.85
2024-05-31,Paid Search,57233,2207,2630.04,93,7595.64
2023-11-07,Video,66717,522,490.62,8,618.82
2023-02-22,Email,14891,358,22.94,20,1464.9
2024-02-03,Email,13008,257,15.88,9,653.42
2023-12-17,Paid Search,71806,2362,2689.41,87,7574.45
2023-09-10,Display,131975,552,235.8,5,240.71
2023-07-02,Email,12982,337,22.48,13,1117.49
2023-05-19,Display,143209,648,357.1,6,354.82
2024-10-22,Paid Search,76587,3294,4261.32,153,16252.43
2024-02-17,Email,14025,368,23.67,20,1810.29
2024-03-19,Video,44151,334,284.01,6,431.61
2024-07-28,Video,49841,463,365.88,7,477.69
2023-06-18,Paid Social,84762,970,571.6,20,1236.57
2024-07-28,Display,133599,529,288.14,6,309.16
2024-02-21,Video,40294,374,330.1,6,466.78
2023-06-08,Paid Search,49172,1519,1898.89,64,4175.22
2024-01-19,Paid Search,34772,1144,1490.16,44,2963.96
2023-04-15,Video,43716,313,289.56,5,378.56
2024-01-02,Video,41947,322,257.88,4,389.8
2023-05-21,Paid Search,58913,2012,2223.28,80,6930.26
2024-04-10,Paid Search,66261,1858,2507.83,76,6551.24
2024-05-17,Video,46828,362,306.46,5,339.22
2023-09-23,Display,154722,632,333.17,7,377.07
2023-10-27,Paid Search,56352,2037,2229.53,91,6307.03
2024-12-27,Email,28114,661,43.09,34,2919.0
2024-02-02,Paid Search,52625,1879,2120.57,67,4561.36
2023-04-12,Video,42370,401,353.28,6,454.57
2023-07-23,Paid Social,68283,784,573.86,16,1069.05
2023-06-06,Paid Social,98401,1132,845.99,18,1062.64
2023-01-25,Video,42747,321,272.55,6,412.69
2023-12-25,Display,251252,1052,494.97,11,587.33
2023-10-30,Paid Social,97936,973,623.75,23,1868.82
2023-03-16,Email,18607,462,29.07,26,2162.9
2024-12-27,Video,71862,677,535.83,11,725.7
2023-04-03,Display,154018,584,286.41,7,402.28
2023-11-14,Paid Social,137523,1539,1147.46,35,2528.12
2024-10-07,Video,55408,503,489.8,8,616.4
2024-11-28,Video,69026,518,895.38,13,928.68
2023-03-08,Display,122568,534,240.01,5,303.52
2023-04-23,Email,15352,432,29.01,23,1615.22
2023-04-26,Paid Social,105939,1364,884.15,34,2499.09
2023-09-09,Paid Search,49574,1875,2243.07,97,7209.8
2024-04-13,Display,191021,898,476.3,10,726.49
2023-11-06,Video,74335,627,526.58,8,564.22
2023-03-17,Paid Social,76199,873,640.49,19,1148.68
2023-04-01,Display,141696,515,245.86,6,400.99
2024-11-27,Video,62075,457,909.46,16,1138.32
2024-12-16,Paid Search,77657,2812,3425.0,122,8324.64
2023-12-03,Paid Search,65526,2070,2379.39,100,7316.8
2023-04-27,Display,133910,511,247.71,5,342.04
2023-09-14,Paid Social,90809,1118,684.67,25,1477.2
2023-11-26,Email,18100,464,55.15,32,2693.07
2023-07-15,Paid Search,39708,1552,1801.97,50,4076.99
2024-11-19,Email,26238,697,36.46,34,3114.25
2023-04-02,Video,54861,403,409.9,5,369.68
2023-07-15,Video,50816,428,447.81,6,434.73
2023-11-10,Paid Social,138621,1365,1064.8,29,2085.49
2023-10-07,Paid Search,71942,2674,3162.29,117,7925.98
2023-04-07,Paid Search,56862,2297,2776.66,100,7755.83
2023-03-01,Display,139540,549,250.06,7,405.3
2024-03-17,Paid Search,52149,1744,2817.58,99,7393.89
2024-04-10,Paid Social,94127,1312,903.35,29,1471.16
2023-09-16,Display,157678,685,327.6,7,456.02
2024-08-16,Display,163730,783,369.03,5,321.93
2023-11-08,Paid Social,129749,1677,1123.42,31,2126.25
2024-10-16,Video,61657,451,395.36,7,472.64
2023-08-26,Email,14416,358,18.65,16,1279.57
2023-09-19,Email,16711,382,23.54,18,1372.51
2023-11-27,Paid Search,70960,2821,6360.48,192,14626.05
2024-07-25,Display,120253,459,225.62,5,280.2
2024-08-04,Email,15152,348,19.41,17,1493.23
2023-02-23,Display,114456,453,226.09,6,347.32
2023-05-11,Paid Social,94412,1163,962.39,24,1229.84
2023-01-15,Paid Social,97172,1193,878.43,25,1665.64
2023-11-28,Email,17098,435,25.33,17,1508.31
2023-11-16,Display,184799,817,348.22,8,384.71
2024-01-16,Paid Social,84470,1039,756.6,19,1079.76
2023-11-24,Paid Search,85808,2517,5877.21,181,13833.21
2024-04-25,Display,122878,535,242.33,5,309.42
2024-07-07,Display,104310,496,280.23,5,293.94
2023-12-04,Display,233419,792,348.37,10,585.9
2024-12-24,Display,253454,1049,507.46,11,648.6
2023-08-31,Email,15778,403,21.76,18,1700.14
2023-06-15,Display,140075,504,266.01,5,337.27
2023-01-04,Paid_Search,39911,1449,1610.4,66,5122.36
2024-08-17,Paid Search,58836,2048,2451.56,75,5920.1
2024-05-05,Email,14826,382,23.28,18,1450.38
2023-01-29,Display,85109,305,162.1,2,112.27
2024-10-19,Display,164363,677,334.37,7,431.18
2024-09-23,Email,16326,434,26.56,16,1391.66
2024-07-03,Paid Search,64126,2492,2880.08,97,8155.08
2024-07-10,Paid Search,66969,2194,2740.48,103,8349.15
2024-09-19,Paid Social,120406,1392,1002.53,25,1635.62
2023-06-05,Email,15494,381,22.47,18,1298.33
2024-06-25,Paid Search,59341,2162,2063.56,90,6940.87
2023-10-15,Email,16303,331,18.04,16,1311.11
2023-09-10,Paid Search,60287,2131,2725.29,80,6209.15
2023-09-22,Paid Search,54443,1802,2158.55,57,4548.88
2024-04-03,Email,19056,518,31.19,26,2159.61
2023-01-10,Display,94144,382,185.56,3,186.09
2024-05-18,Social,139458,1391,949.59,23,1774.0
2024-10-17,Email,20763,530,32.91,35,3216.53
2024-11-01,Paid Social,150238,1536,947.55,29,1852.18
2023-01-17,Email,11751,310,20.16,15,1287.88
2023-07-08,Video,49638,384,419.11,8,561.43
2023-07-07,Paid Social,91305,1279,1277.73,34,2383.82
2024-06-01,Display,192211,759,378.25,10,549.01
2023-11-30,Paid Social,135683,1398,928.65,25,1628.53
2023-03-13,Display,145742,575,271.96,7,503.02
2023-11-13,Video,58512,431,354.54,6,408.36
2023-10-28,Paid Search,54114,1779,2373.55,75,5727.44
2024-09-22,Video,64958,492,439.43,7,524.52
2023-01-29,Email,12637,273,15.82,15,1366.09
2024-07-07,Paid Search,46255,1349,1862.46,61,5138.79
2023-02-20,Display,122971,463,217.01,4,220.86
2023-09-07,Email,22286,473,31.34,22,2160.07
2024-04-12,Paid Search,62951,2906,3727.96,136,11542.11
2023-12-11,Paid Search,99094,3016,3432.32,161,14056.62
2023-09-04,Video,46662,394,342.56,6,371.56
2023-10-11,Display,167396,763,361.81,8,412.11
2023-11-01,Video,58807,516,419.9,7,500.51
2024-08-08,Email,17779,494,28.3,27,2399.9
2024-11-17,Paid Social,153661,1720,1144.34,39,2524.34
2024-02-14,Video,45235,373,301.83,6,381.28
2024-04-04,Display,163139,729,-394.36,9,513.22
2024-12-18,Paid Social,184116,2011,1455.83,28,1626.9
2023-06-16,Paid Search,56544,2313,2536.14,87,6293.85
2024-08-30,Paid Social,93113,1167,740.23,26,1607.87
2023-07-01,Video,48857,376,386.08,8,628.6
2024-12-20,Email,33273,805,49.25,39,3970.58
2024-02-12,Display,128968,478,239.14,5,272.8
2023-08-01,Email,16547,402,21.86,27,2195.21
2024-03-15,Paid Search,48010,1650,2576.9,83,5968.26
2024-09-02,Video,60052,522,465.71,7,504.09
2023-01-22,Paid Search,39097,1244,1452.86,56,3675.07
2023-02-24,Email,20371,516,29.84,25,1899.43
2024-02-19,Display,146140,617,315.32,6,380.67
2023-12-15,Paid Social,155904,1955,1503.46,30,2196.06
2023-12-21,Display,192879,751,367.09,10,557.58
2023-06-20,Video,43257,314,319.35,4,300.57
2024-08-27,Email,18443,479,25.61,24,2100.15
2024-05-11,Paid Social,118402,1278,757.19,25,1878.13
2024-09-22,Display,177724,676,367.33,7,526.73
2023-07-08,Display,116179,457,306.69,8,454.71
2024-04-06,Display,198284,844,429.8,7,418.7
2024-04-27,Paid Social,120974,1548,1147.78,26,1534.79
2023-03-24,Display,109926,447,233.54,3,168.5
2023-09-11,Display,150240,502,251.64,6,411.39
2023-11-10,PaidSearch,69504,2165,2631.9,97,6455.64
2024-05-02,Paid Search,56966,1807,2216.88,84,6467.55
2023-08-18,Paid Search,56136,2060,2397.17,96,8300.55
2024-03-17,Display,107889,460,301.43,6,334.26
2023-10-16,Video,51177,408,373.26,6,424.19
2023-03-09,Video,47308,433,402.27,4,254.3
2023-06-05,Video,52391,454,413.33,7,420.08
2023-10-14,Paid Search,55818,1780,1992.68,56,4472.74
2024-12-04,Display,217712,968,452.19,12,656.29
2023-02-26,Video,34975,300,244.64,5,332.05
2023-07-11,Display,123812,566,257.52,5,309.99
2023-12-06,Display,290976,1222,580.74,8,392.07
2023-03-21,Paid Social,98332,1168,844.13,22,1514.2
2024-06-15,Video,52180,437,399.51,8,627.11
2024-03-07,Paid Search,64319,2327,2617.3,103,7458.07
2024-08-20,Email,14608,352,18.28,19,1828.76
2024-03-04,Video,58702,478,400.01,5,385.6
2024-10-26,Email,18291,505,32.48,28,2909.47
2024-09-29,Paid Social,153030,1697,1260.63,34,2138.74
2024-09-12,Paid Search,58821,1954,2496.01,92,7125.43
2024-06-27,Video,56567,487,382.8,8,565.78
2023-02-28,Display,120969,417,223.2,4,219.76
2024-09-06,Video,43405,300,281.85,4,268.64
2023-07-25,paid_social,100683,1220,812.47,22,1340.12
2024-04-19,Paid Social,109644,1327,882.27,30,1564.56
04/16/2024,Paid Social,84742,1091,811.79,22,1311.16
2023-12-29,Video,77405,584,525.71,10,804.77
2023-08-25,Display,128688,632,327.8,7,389.57
2023-06-06,Video,44956,308,243.4,5,322.05
2023-05-11,Paid Search,71255,2451,3361.03,83,6865.58
2024-06-05,Paid Search,54101,1715,2025.9,78,5325.86
2023-08-13,Paid Social,104123,1148,723.88,23,1499.73
2023-07-02,Paid Social,93526,825,585.82,18,1223.35
2023-05-09,Paid Social,99593,1164,772.93,30,1913.65
2023-10-24,Display,128033,596,323.15,6,353.83
2024-08-07,Paid Social,94425,1201,730.3,19,1296.97
2024-06-14,Video,53803,378,326.83,5,406.09
2024-01-23,Display,113792,445,219.68,5,400.71
2023-05-08,Paid Search,55102,1892,2076.92,83,6822.63
2023-10-12,Paid Search,62382,2138,-2647.02,106,8419.28
2024-10-08,Email,26395,748,44.78,33,2906.38
2023-09-05,Paid Social,104918,1087,696.68,19,1133.81
2024-09-15,Paid Search,65482,2144,2541.45,76,5232.1
2024-01-28,Email,11290,301,16.75,18,1478.92
2024-11-19,Paid Search,106403,3741,4512.24,141,12284.2
2023-04-20,Video,46601,425,366.78,7,499.03
2024-09-27,Paid Social,107280,1314,990.08,22,1488.3
2024-03-13,Email,21191,623,47.74,38,3707.94
2023-09-22,Paid Social,91569,1115,816.37,26,1573.79
2023-12-03,Video,77870,645,583.91,9,656.19
2024-08-09,Video,39995,318,282.63,4,296.88
2023-10-28,Video,59113,442,357.26,7,539.43
2023-01-09,Video,32208,246,213.47,3,222.88
2024-09-02,Paid Search,74668,2380,2656.84,94,7008.55
2024-04-03,Paid Search,65568,2572,3398.12,97,8500.79
2024-06-05,Video,49684,378,292.02,5,343.57
2024-09-25,Display,154162,540,308.38,5,319.46
2024-04-07,Paid Search,61837,2226,2980.32,90,7377.06
2023-04-22,Display,139623,549,257.76,6,345.94
2023-03-03,Paid Social,102783,1410,1028.68,26,1650.01
2024-05-19,Paid Search,56334,2356,2779.26,72,6786.43
2023-11-05,Paid Search,65321,2487,3041.51,98,8760.97
2024-10-29,Display,203843,842,400.45,9,441.43
2023-12-30,Paid Search,74851,2800,3620.28,120,9119.02
2024-08-02,Paid Search,49757,1921,2319.74,68,5750.67
2023-04-16,Paid Search,47391,1918,2325.94,80,7296.92
2023-09-01,Display,136978,545,332.18,5,306.59
2024-08-20,Video,53834,527,491.94,7,537.67
2024-02-06,Paid Social,94421,1161,795.69,24,1724.42
2024-05-22,Paid Search,72883,2339,2465.24,103,8557.49
2023-10-08,Paid Social,118197,1380,936.34,28,1826.27
2023-03-12,Email,12763,13103,15.47,15,1152.35
2023-08-04,Paid Social,83495,973,814.89,14,875.34
2023-09-29,Display,105112,410,213.67,4,232.84
2023-10-31,Display,135117,552,291.89,4,248.45
2024-12-09,Display,265106,1348,670.03,13,662.07
2024-08-28,Paid Social,102783,1060,664.22,20,1265.59
2024-12-17,Video,66521,576,527.02,9,787.54
2023-12-14,Display,205622,896,589.73,10,538.89
2024-05-27,Email,17682,428,24.05,21,1587.17
2024-02-26,Email,20188,528,29.44,27,2668.06
2023-07-08,Paid Search,46046,1761,3076.94,118,9474.22
2023-01-03,Video,40466,365,329.89,4,288.8
2024-12-08,Video,80898,570,524.11,7,456.88
2023-12-12,Video,70814,561,465.99,7,475.58
2023-04-03,Video,47345,347,330.22,5,385.92
2024-12-17,Email,24939,594,39.7,24,2041.38
2024-07-10,Email,21680,606,35.34,29,2605.31
2024-12-07,Display,232378,908,511.31,8,431.78
2023-08-24,Email,18032,411,22.81,22,1787.39
2024-01-19,Display,109849,389,182.19,3,166.84
2024-01-28,Display,125751,493,230.44,5,280.94
2023-09-03,Paid Social,102902,1269,844.75,24,1630.39
2024-03-11,Video,41581,398,492.89,7,458.99
2023-09-03,Display,139637,577,339.33,7,418.53
2023-02-01,Video,35062,293,257.29,4,289.54
2024-12-28,Display,278353,1118,556.26,8,467.44
2023-05-12,Paid Social,98211,1183,830.98,25,1620.35
2024-03-18,Paid Social,81475,950,739.35,20,1590.65
2023-07-09,Display,128309,544,358.89,8,476.91
2024-09-01,Paid Social,111659,1594,1003.57,41,2407.41
2023-10-09,Paid Search,69529,2497,3156.78,100,8210.75
2023-02-17,Display,141507,583,286.29,7,425.58
2023-11-05,Video,64510,492,393.66,7,511.41
2024-01-20,Paid Social,91960,1149,774.34,20,1440.52
2023-12-20,Paid_Search,86133,2669,3426.01,93,9607.17
2023-10-31,Paid Social,116238,1382,934.54,24,1916.81
2023-12-05,Video,68535,587,488.47,8,561.71
2023-01-01,Paid Social,85363,1001,816.73,17,1105.48
2024-12-15,Paid Social,183076,1936,1414.96,34,2422.54
2024-12-03,Paid Search,103306,3145,3589.76,148,11963.27
2024-09-06,Email,22333,526,29.99,26,2014.11
2024-12-01,Video,90703,701,1375.36,20,1749.26
2023-07-05,Email,13739,340,31.48,19,1429.93
2023-06-10,Paid Search,43762,1374,1694.89,58,5145.54
2023-05-27,Email,15007,370,21.69,17,1386.39
2023-11-18,Display,186208,789,411.84,8,415.89
2024-12-22,Video,107218,892,830.4,11,880.07
2023-08-09,Video,47627,326,280.65,4,356.86
2023-08-05,Display,124387,462,226.87,4,243.49
2024-02-11,paid_social,82195,1150,898.32,25,1485.72
2024-10-16,Paid Social,105243,1104,758.71,20,1326.96
2024-04-12,Paid Social,79872,1051,750.14,20,1180.27
2024-12-12,Display,204949,881,349.91,10,481.07
2024-05-16,Paid Search,71660,2920,3606.04,134,10135.87
2024-06-09,Display,155602,620,330.13,6,300.87
2023-04-27,Video,46829,395,377.06,5,387.34
2023-06-12,Paid Search,52559,1736,2125.77,64,4688.11
2024-11-06,Email,25457,658,40.0,25,2229.05
2024-09-20,Display,159739,589,300.94,6,339.71
2023-12-12,Display,259662,900,502.14,8,438.54
2023-07-05,Paid Search,62457,2149,3731.83,116,9116.77
2024-04-04,Paid Search,69485,3145,3554.22,117,8850.87
2024-08-06,Video,55037,467,410.25,6,441.02
2023-05-08,Video,46621,372,305.97,5,338.34
2023-10-04,Paid Social,88530,1141,750.91,18,1045.6
2023-10-05,Paid Social,105728,1168,842.57,18,945.82
2023-11-22,Video,58520,509,924.3,12,850.0
2023-02-02,Video,40956,301,265.69,5,333.58
2024-07-13,Video,53626,459,404.34,9,700.49
2023-05-09,Video,38926,296,244.32,5,384.6
2024-07-10,Paid Social,94772,1244,950.36,28,2097.58
2024-01-04,Paid Search,46498,1629,2097.2,52,3557.89
2024-03-13,Paid Social,92461,1079,981.0,30,2251.82
2024-11-02,Paid Social,129857,1467,994.48,28,1847.85
2024-12-06,Display,227311,864,460.18,9,486.34
2024-08-10,Paid Social,111847,1594,1188.25,38,2323.69
2024-05-08,Paid Search,58342,1954,2606.48,86,6718.83
2023-08-20,Paid_Search,47159,1651,2228.97,46,3113.75
2023-12-25,Video,65889,607,498.69,10,723.4
2023-11-30,Paid Search,69429,2485,2982.48,104,7564.58
2023-01-14,Display,102721,369,158.84,3,169.59
2024-09-08,Video,64269,501,426.18,6,448.17
2023-02-27,Paid Social,81822,952,623.2,21,1544.75
2024-02-12,Paid Social,112336,1301,891.31,32,2221.67
2024-02-24,Display,111469,436,192.29,5,248.86
2024-08-26,Video,44527,405,372.12,5,456.17
2024-01-16,Paid Search,46854,1825,2298.22,72,5974.68
2024-09-17,Email,17970,454,26.62,22,1850.02
2024-03-25,Video,52849,404,389.52,6,505.9
2023-03-09,Paid Search,45991,1505,1851.65,72,5968.5
2024-02-17,Display,151021,593,290.39,6,379.92
2023-07-17,Video,36636,309,287.46,5,380.96
2024-04-22,Paid Search,58062,1730,2190.06,82,6367.29
2023-03-04,Email,16197,477,26.81,23,1877.84
2024-04-14,Video,62212,497,407.17,7,512.95
2023-05-11,Video,46694,417,384.28,6,434.89
2024-03-17,Paid Social,128395,1738,1455.67,49,2997.26
2023-03-21,Email,16614,460,28.74,29,2606.09
2024-03-14,Email,18045,357,27.63,25,2368.99
2024-07-04,Paid Social,102051,1172,804.22,20,1218.39
2024-03-01,Paid Search,61136,2668,3070.22,114,9894.69
2023-05-21,Display,151762,512,259.05,4,213.1
2024-11-29,Display,202846,768,699.99,13,719.11
2023-07-27,Paid Search,50182,1938,2224.11,87,7261.61
2024-08-25,Paid Social,103930,1196,893.37,24,1424.18
2023-07-19,Paid Search,52224,1974,2391.88,81,6860.48
2024-09-28,Email,17370,443,28.37,20,1577.53
2024-03-16,Video,50707,395,467.54,8,674.1
2023-05-31,Paid Social,110687,1259,898.73,25,1371.28
2023-05-24,Paid Search,49549,1483,1879.96,56,3943.53
2023-11-07,Display,216381,906,439.37,8,569.42
2023-04-29,Display,132157,575,313.5,5,269.24
2023-09-07,Paid Search,59845,2010,2087.24,78,5205.54
2023-03-22,Video,41981,299,267.43,4,255.68
2023-05-13,Video,46809,363,320.87,5,298.7
2024-12-24,Paid Social,173011,2220,1382.58,48,2818.37
2023-06-14,Video,45268,305,308.57,5,330.16
2024-01-03,Video,48105,440,375.19,7,464.54
2024-02-22,Paid Search,60180,2086,2411.22,76,6211.91
2024-07-03,Email,18335,374,20.94,20,1549.34
2024-04-04,Video,43833,333,286.88,5,352.73
2024-02-10,Video,52765,491,447.05,9,689.56
2024-03-10,Video,53189,368,344.08,6,454.01
2024-10-14,Email,26331,589,34.16,37,2674.51
2023-04-07,Video,49708,427,362.62,5,340.09
2024-12-02,Video,83918,774,1301.62,23,1870.62
2023-08-10,Email,13750,291,16.88,14,1245.01
2024-08-13,Display,117289,497,247.39,4,242.16
2024-02-02,Paid Social,85770,854,631.82,22,1601.01
2023-03-02,Display,126385,485,266.51,4,198.79
2023-08-23,Video,38021,307,289.52,4,235.6
2023-01-28,Video,46251,365,312.53,5,381.71
2023-01-24,Display,90040,378,184.06,4,257.64
2024-06-23,Video,56185,502,524.05,8,637.8
2023-02-08,Email,15842,371,19.71,21,1979.76
2023-07-01,Paid Social,99588,1110,797.05,21,1435.16
2023-11-23,Paid Search,65057,2095,4578.34,150,12035.92
2024-10-08,Display,176768,621,307.76,7,397.36
2023-03-25,Paid Search,49316,1925,2568.86,76,6787.25
2023-02-04,Paid Social,86958,1137,810.75,24,1393.98
2023-11-23,Video,47046,370,561.52,10,964.51
2024-02-17,Video,44177,320,315.69,5,314.11
2023-04-13,Paid Search,45996,1563,1890.59,62,5233.96
2023-05-27,Paid Search,54503,1919,2406.14,75,6015.0
2024-02-07,Paid Social,89224,1105,762.07,20,1369.78
2024-07-03,Video,38408,286,263.7,6,400.32
2024-01-30,Paid Search,48892,1660,2008.75,86,5866.54
2024-01-02,Email,16065,395,20.62,19,1610.41
2024-12-11,Email,35795,867,46.64,39,
2023-08-24,Video,44888,363,301.75,6,375.62
2024-06-21,Email,19768,499,31.06,25,2290.21
2024-05-05,Paid Social,120990,1414,1203.73,34,2056.25
2024-08-23,Video,45067,325,279.46,4,222.93
2023-03-18,Email,14689,404,25.74,22,2017.6
2024-11-02,Video,74140,637,614.44,9,703.31
2024-07-11,Paid Social,99498,1214,938.36,24,1565.2
2023-11-18,Paid Search,79654,2933,3575.01,114,8557.19
2023-04-22,Paid Search,48265,1567,1731.35,52,3711.06
2024-08-11,Paid_Search,63229,2511,3019.1,96,7389.73
2024-09-03,Display,194956,783,387.66,10,579.07
2024-11-11,Email,30200,780,49.97,43,2838.16
2024-05-06,Email,18703,564,36.99,33,2684.36
2023-12-19,Video,88551,862,773.57,13,883.08
2023-01-17,Display,92121,365,171.94,4,202.86
2023-05-18,Video,39796,335,291.74,5,333.71
2023-05-17,Paid Search,63089,2351,3118.34,87,6496.87
2024-03-03,Paid Social,126742,1525,1030.37,36,2118.73
2024-10-15,Paid Search,75025,1995,2386.56,76,5462.12
2024-05-23,Video,63570,474,415.73,6,464.56
2024-08-05,Video,43190,395,361.37,7,580.7
2024-11-24,Video,85999,679,,9,639.28
2023-01-24,Email,12458,388,23.13,19,1347.29
2024-03-12,Email,20513,456,35.75,36,2788.79
2023-11-13,Paid Social,120659,1326,953.48,24,1531.31
2024-02-02,Video,41709,320,270.83,5,332.33
2024-03-17,Email,15708,389,27.6,18,1844.63
2023-03-10,Display,89267,306,152.76,3,185.37
2023-07-19,Paid Social,73918,980,709.83,18,1187.15
2023-01-03,Display,78203,279,156.83,3,198.53
2024-02-18,Display,144953,542,267.25,7,416.33
2023-08-09,Paid Search,59007,2196,2764.41,95,6639.9
2024-09-04,Display,167206,620,277.81,6,433.07
2023-07-16,Paid Social,80217,703,452.67,13,795.36
2024-04-29,Email,19970,499,29.1,22,1936.48
2024-06-19,Display,162303,703,360.12,8,532.29
2023-06-23,Video,46207,297,282.59,4,278.68
2024-10-23,Video,65793,512,410.96,5,479.57
2024-02-26,Video,41893,345,295.81,6,407.22
2024-06-17,Paid Search,61335,2063,2422.43,82,5990.04
2024-04-18,Video,50864,453,439.29,9,770.23
2024-08-29,Paid Search,57296,2123,2308.95,90,7829.68
2023-03-16,Paid Search,53420,2135,2743.77,97,7997.08
2023-10-30,Display,169332,706,345.26,7,438.12
2024-10-10,Paid Search,81665,2625,3216.09,109,8924.62
01/25/2024,Video,35835,280,266.5,4,306.05
2024-08-14,Paid Social,70738,762,530.8,15,1153.8
2023-04-25,Display,124887,544,273.33,7,361.75
2024-11-14,Display,191102,779,385.71,7,362.63
2023-04-24,Paid Search,60844,2096,2387.19,91,7232.69
2023-01-16,Email,12426,353,21.28,21,1999.57
2023-09-13,Paid Social,106768,1170,940.68,25,1563.5
2023-04-29,Email,13839,339,19.35,17,1411.43
2023-01-17,Paid Social,69677,796,630.48,14,867.87
2024-02-06,Display,134094,509,243.13,6,273.84
2023-08-11,Paid Search,61632,2099,2297.0,81,6382.79
2024-06-02,Paid Search,49024,2129,2652.65,95,6309.22
2024-09-09,Paid Social,93172,1296,852.45,32,2192.13
2023-02-10,Display,131006,464,237.65,5,319.23
2023-11-15,Video,69427,535,485.55,9,606.64
2023-07-23,Display,135051,529,269.59,5,316.18
2023-04-04,Display,116378,601,275.66,6,360.28
2024-07-27,Email,13808,338,19.21,14,1417.52
2024-01-24,Paid Social,86280,1016,671.6,21,1320.28
2023-02-05,Paid Search,44495,1824,2217.0,72,5778.84
2023-04-10,Paid Social,87397,1213,875.03,21,1274.6
2024-10-11,Display,153756,674,322.4,7,347.71
2024-01-01,Video,38132,282,263.55,4,300.8
2023-10-27,Display,188833,701,343.19,7,426.24
2024-04-30,Email,18058,445,31.23,23,2134.78
2023-12-14,Paid Search,97620,2980,3522.18,105,8281.71
2023-06-17,Paid Search,43605,1477,1986.82,78,5883.01
2024-02-13,Email,17334,395,21.42,25,2315.99
2023-04-27,Paid Search,41738,1301,1524.94,44,3686.15
2023-09-11,Video,45699,404,396.79,5,341.82
2024-06-14,Paid Search,53214,1541,2049.67,54,4203.29
2024-10-25,Paid Social,121688,1684,1073.59,32,2403.18
2023-05-08,Email,17998,485,32.08,22,1902.93
2023-11-17,Paid Search,74677,2927,3886.32,95,7182.12
2023-10-25,Paid Social,104034,937,630.95,22,1208.64
2024-03-20,Display,148515,509,234.41,4,227.97
2024-08-02,Email,21856,550,34.22,27,2259.34
2023-05-01,Display,146891,572,282.31,4,207.87
2023-07-28,Display,124192,480,256.65,4,215.08
2024-04-18,Paid Search,74560,2919,3395.8,102,8609.08
2024-06-29,Video,55968,428,336.71,6,519.52
2024-04-26,Video,45684,424,410.48,7,570.15
2024-02-08,Video,45162,349,355.47,5,362.12
2024-06-12,Display,142284,632,336.76,7,307.69
2024-11-11,Display,205576,780,422.96,8,492.03
2024-10-23,Email,19879,458,25.54,24,2064.32
2023-04-17,Email,17385,450,28.36,25,2023.05
2024-01-31,Video,40919,319,285.1,5,336.99
2023-10-29,Display,153962,610,275.9,6,299.86
2023-08-16,Paid Search,60276,2123,2555.2,84,6554.49
2024-11-05,Video,62677,516,507.74,8,666.43
2024-05-23,Email,20640,582,37.23,20,1871.62
2024-03-07,Display,179363,704,314.55,6,295.04
2023-11-14,Display,210232,919,509.86,9,478.86
2023-10-22,Paid Social,142132,1789,1397.71,37,2424.65
2023-10-25,Email,23974,630,37.45,44,4347.9
2023-07-13,Paid Search,42414,1447,1636.3,66,5165.85
2023-09-26,Display,141847,657,329.29,5,257.31
2023-03-23,Paid Search,51795,1792,2297.95,53,3631.33
2024-08-27,Video,40270,314,260.09,4,275.27
2024-09-29,Display,158741,615,303.26,8,386.25
2023-10-12,Email,16162,427,24.33,24,2109.14
2024-07-21,Video,40023,320,299.86,5,386.24
2023-01-15,Display,111179,411,206.8,4,258.73
2024-10-30,PaidSearch,68916,2604,3576.46,117,7879.79
2023-03-04,Paid Search,55072,2014,2778.63,86,7287.06
2023-11-06,Display,151921,542,292.22,5,257.68
2023-04-29,Paid Social,102973,1263,920.24,23,1730.99
2023-09-14,Email,18828,465,26.38,26,2262.59
2023-01-16,Display,104756,449,228.18,4,229.91
2024-12-04,Paid Social,158027,1881,1281.11,35,2654.84
2023-09-06,Video,55940,437,387.95,6,393.53
2024-04-05,Email,19086,478,28.07,29,2552.61
2024-12-23,Paid Social,169976,1933,1421.45,51,3475.12
2024-05-30,Paid Search,67459,2176,2417.44,105,9394.72
2024-09-15,Paid Social,131092,1935,1357.73,37,2139.93
2024-07-16,Email,16628,445,25.35,29,2368.58
2023-04-20,Paid Search,54551,1949,2157.51,87,7250.92
2024-02-29,Display,118910,432,208.96,4,248.71
2023-08-11,Email,16958,432,25.39,19,1825.27
2023-06-17,Display,134169,535,262.33,6,370.79
2023-04-12,Email,15742,360,20.83,19,1599.54
2023-12-26,Display,221982,935,419.07,10,573.22
2023-07-24,Video,39251,324,262.95,4,279.45
2023-02-10,Paid Search,50515,2035,2459.76,90,5718.73
2023-08-31,Display,116928,427,213.38,4,270.93
2024-01-25,Email,15077,380,22.34,20,1676.24
2023-10-23,Email,15482,372,24.88,17,1606.63
2024-07-04,Email,17958,391,23.49,25,2377.19
2024-08-17,Video,64662,566,569.25,11,782.11
2024-01-30,Paid Social,96397,1204,593.24,27,2126.09
2023-12-24,Paid Social,162420,1706,1265.79,34,2482.25
2023-11-08,Paid Search,69514,2262,2887.22,102,7840.83
2023-06-19,Display,114818,450,195.71,5,284.3
2024-05-15,Video,56382,426,387.41,6,373.28
2024-11-23,Display,228928,981,552.84,10,589.59
2023-04-28,Display,122700,430,229.14,4,284.47
2023-01-20,Paid Search,37401,1147,1270.86,49,3491.13
2024-11-26,paid_social,139310,1697,2222.83,61,3828.09
2024-06-24,Display,161599,634,327.32,7,374.27
2023-12-24,Paid Search,91344,3572,3773.81,149,12864.24
2023-12-27,Paid Search,87411,3198,3745.27,120,9446.84
2023-11-14,Email,27973,700,35.65,40,3367.29
2024-03-30,Email,16612,392,21.64,25,2358.96
2024-05-27,Video,39154,311,320.88,5,341.92
2023-12-27,Video,73816,618,661.79,10,594.68
2023-01-16,Video,31605,261,253.61,4,272.81
2023-10-17,Paid Search,66402,2933,3973.56,112,8232.83
2024-01-01,Display,117290,451,223.64,4,192.78
2024-01-28,Paid Search,46139,1515,1779.03,58,4203.67
2023-05-09,Paid Search,47681,1790,2531.35,73,5505.13
2023-10-06,Paid Social,124613,1637,1053.64,33,2375.22
2023-12-18,Display,235055,1029,580.7,8,423.76
2024-12-17,Display,224004,887,448.51,12,696.62
2024-10-19,Paid Search,72768,2223,2906.76,84,5911.62
2024-05-30,Paid Social,106708,1396,969.43,37,2367.65
2023-12-30,Display,233057,882,439.84,10,637.98
2024-03-29,Email,18155,507,30.65,27,2065.04
2023-11-18,Email,17599,443,29.92,21,1724.7
2023-07-21,Paid Search,52180,1953,2274.36,88,7129.03
2023-07-05,Display,115602,443,315.91,7,414.13
2024-01-05,Video,38816,335,288.04,5,374.76
2024-06-07,Email,16823,409,23.47,19,1861.75
2024-11-21,Paid Social,136529,1708,1229.04,37,2543.85
2023-07-01,Email,13835,401,24.35,21,1814.46
2023-12-15,Video,85884,845,770.59,19,1278.05
2023-01-20,Video,31587,251,287.86,4,264.17
2024-11-25,Video,67448,602,1038.18,18,1098.34
2024-08-16,Paid Search,47678,1921,2182.87,104,8085.7
2023-08-28,Paid Social,82495,970,799.18,15,952.39
2023-07-22,Paid Search,38887,1572,1812.33,49,3442.75
2023-05-10,Email,17235,430,26.68,27,2278.33
2024-05-27,Display,140810,576,304.1,5,314.96
2023-08-08,Video,44452,317,313.76,5,327.86
2024-05-19,Email,17125,477,25.74,27,2276.81
2023-06-28,Video,43769,386,350.67,6,440.95
2024-12-25,Display,246565,1061,498.31,9,526.42
2024-06-02,Display,129618,532,289.92,6,344.64
2024-02-14,Email,17757,429,26.3,18,1646.54
2024-04-01,Paid Social,89356,959,713.62,20,1381.92
2023-12-18,Paid Search,94447,3922,5642.54,134,10525.86
2023-10-21,Display,131743,561,255.81,6,352.79
2023-05-14,Display,141973,675,321.38,8,487.26
2023-02-12,PaidSearch,48765,1495,,56,4227.19
2024-12-14,Display,235619,895,507.84,10,515.59
2024-06-26,Paid Social,96185,1370,884.97,24,1832.67
2024-07-28,Paid Search,40543,1326,1460.24,40,3156.71
2024-04-03,Display,148631,635,339.47,6,382.9
2023-08-04,Email,14538,353,21.33,18,1655.05
2023-05-06,Paid Social,124998,1164,868.5,22,1372.51
2024-09-09,Display,150169,629,324.17,6,376.78
2024-08-08,Display,125646,512,281.95,6,375.04
2023-12-13,Display,224855,1017,463.67,9,527.12
2023-04-28,Email,15993,441,26.46,18,1653.01
2024-03-12,Display,157247,628,352.67,8,392.04
2024-01-20,Display,133298,540,316.2,4,243.15
2023-05-25,Paid Social,72820,751,520.16,14,
2023-04-14,Paid Search,57834,2164,2457.66,99,9088.11
2023-09-02,Video,59272,489,405.55,8,507.01
2024-08-27,Paid Search,50028,2035,2521.8,73,5597.79
2024-07-31,Email,17373,413,24.82,18,1708.44
2024-05-17,Paid Social,113368,1455,822.82,29,2321.58
2024-11-21,Video,77606,630,541.41,9,588.32
2024-12-03,Paid Social,176329,2261,1604.01,37,2876.64
2024-01-20,Paid Search,39576,1535,1579.54,73,5662.71
2023-06-12,Paid Social,95004,1139,777.46,33,1976.72
2023-02-26,Paid Search,46504,1367,1766.74,59,4118.33
2024-12-12,Paid Search,94501,3238,4015.08,141,10125.72
2023-12-22,Paid Search,90872,2780,3392.7,94,8486.56
2024-01-16,Display,119720,448,240.02,5,251.81
2023-10-15,Paid Social,123135,1550,974.69,31,2120.27
2023-10-03,Email,19098,552,35.06,26,1883.97
2023-11-04,Paid Search,60050,2265,2374.79,79,7170.95
2023-03-24,Paid Social,92989,1028,715.31,20,1041.68
2023-02-11,Paid Search,43419,1397,1520.66,49,3696.41
11/03/2024,Display,194105,741,334.52,8,452.56
2024-11-05,paid_social,165257,2256,1604.28,43,2940.24
2023-08-08,Display,135376,547,239.42,6,344.96
2023-06-01,Paid Social,105324,1247,926.61,22,1406.62
2024-11-25,Display,174727,735,782.95,11,706.67
2024-11-29,Paid Search,72726,2313,5155.99,182,16396.07
2024-07-12,Email,16850,487,26.09,19,1709.33
2023-10-11,Email,19741,451,29.05,21,2047.0
2024-08-12,Display,145192,571,335.02,6,322.87
2023-04-29,Video,44232,397,344.64,6,406.43
2023-08-04,Paid Search,52859,2111,3171.55,77,6932.97
2024-10-01,Paid Social,136612,1980,1384.06,33,2056.86
2023-04-15,Display,179601,888,454.13,10,653.4
2024-11-08,Email,26644,673,42.38,28,2563.75
2023-08-17,Email,18459,462,33.14,26,2090.96
2023-02-24,Display,133476,587,309.59,4,259.41
2023-11-01,Display,147069,581,264.68,7,361.64
2023-07-12,Video,53940,425,374.05,6,392.03
2023-11-03,Paid Social,127222,1624,1136.66,33,1932.2
2023-02-18,Display,126908,544,274.93,6,375.22
2024-02-16,Paid Search,58688,1955,2029.71,71,4964.66
2023-12-18,Email,25839,695,42.91,31,3120.93
2024-07-24,Paid Social,104349,1184,835.97,21,1420.42
2024-07-19,Paid Social,90340,1015,691.35,26,1805.69
2024-11-07,Video,81138,581,536.29,10,697.78
2023-03-27,Email,18788,444,27.06,23,1997.58
2024-06-30,Email,14191,332,22.02,19,1517.85
2023-01-28,Paid Social,78049,1093,742.5,24,1345.78
2023-04-08,Email,11249,281,18.06,16,1589.32
2024-08-09,Paid Social,91253,1192,853.66,22,1435.4
2023-03-15,Paid Search,63704,2070,2325.86,85,7214.14
2023-01-26,Paid Search,46538,1885,2056.79,69,4905.72
2024-11-13,Display,221345,994,513.82,9,481.32
2024-01-31,Paid Social,65484,915,513.11,21,1363.82
2024-02-13,Paid Social,117752,1449,982.59,26,1404.99
2024-05-20,Paid Search,69733,2424,2823.64,114,8422.9
2023-04-09,Display,149585,659,325.67,5,253.02
2024-12-05,Display,220673,792,367.78,7,318.37
2024-01-25,Paid Social,101723,1396,1027.95,30,1932.92
2024-02-01,Email,17967,401,23.66,18,1476.64
2024-08-09,Paid Search,52715,2013,2654.36,94,6798.67
2023-12-23,Email,23779,512,28.66,26,2444.89
2024-09-03,Paid Search,57814,1936,2236.66,70,5290.27
2023-12-25,Paid Social,133344,1363,951.51,33,2179.8
2023-03-15,Display,109907,431,204.97,4,215.24
2024-11-08,Paid Social,140419,1890,1113.74,51,3176.97
2023-12-15,Paid Search,83513,3388,4233.75,111,9259.1
2023-06-04,Paid Social,108557,1325,829.86,26,1455.45
2024-09-15,Email,16223,426,25.85,20,2050.72
2023-03-22,Email,13965,345,21.57,17,1597.7
2023-02-21,Social,94724,1448,975.75,24,1247.32
2023-08-25,Email,14823,308,18.92,19,1508.46
2023-07-18,Video,33811,275,238.5,6,438.78
2024-09-21,Paid Search,62698,2386,2837.23,125,9985.98
2024-02-13,Paid Search,61072,2283,3193.53,81,5504.07
2023-06-14,Paid Search,50861,2055,2247.08,60,3884.96
2024-02-02,Email,16270,445,29.17,26,2366.27
2024-05-22,Display,169036,771,379.75,7,405.32
2023-07-07,Display,114086,467,298.48,8,472.74
2023-05-01,Video,49206,401,364.06,6,466.06
2023-12-23,Paid Social,149846,1695,1179.29,36,2455.97
2024-07-06,Email,11670,305,20.79,15,1465.13
2023-12-18,Video,56481,404,417.28,7,507.31
2023-05-10,Video,39464,306,319.48,4,300.55
2023-07-29,Video,46809,386,341.57,4,257.05
2023-10-20,Display,146326,644,,5,245.17
2023-10-22,Paid Search,58574,2294,2749.85,65,4974.2
2023-08-23,Paid Social,79173,908,623.24,22,1183.75
2023-12-27,Display,225385,980,509.08,9,573.07
2023-08-14,Email,18364,558,35.01,30,2514.41
2024-06-12,Paid Search,64797,2248,2496.3,78,7031.28
2024-05-21,Display,150206,586,255.32,6,324.61
2023-01-28,Paid Search,35549,1284,1647.65,69,7202.63
2023-08-06,Video,41022,332,368.21,6,320.85
2023-07-31,Display,120623,456,218.6,5,263.01
2023-10-02,Paid Search,53217,2024,2508.75,64,4979.89
2023-12-08,Paid Social,135961,1654,1350.41,32,2141.57
2023-12-10,Paid Social,177069,2191,1525.67,40,2619.78
2023-05-26,Video,55134,470,462.84,9,602.27
05/25/2024,Video,45662,382,290.32,7,589.0
2024-08-08,Paid Search,64197,2434,2986.2,80,6048.54
2023-04-17,Paid Social,96202,1201,816.34,22,1767.99
2024-12-11,Paid Search,89080,2769,3609.3,86,7359.46
2024-04-06,Email,19394,498,29.93,24,2234.6
2024-06-03,Paid Social,96442,1243,943.12,23,1528.17
2024-12-07,paid_social,193701,2185,1618.91,38,2332.55
2023-04-02,Display,138858,587,261.47,6,345.92
2023-03-27,Paid Social,101148,1323,931.89,25,1800.61
2024-10-31,Email,23102,539,30.85,26,2204.42
2023-06-17,Video,49983,359,306.66,5,369.05
2023-08-15,Paid Social,70830,745,522.0,20,1377.53
2023-10-30,Paid Search,64923,2400,3093.92,71,4680.48
2023-10-05,Email,16812,438,25.41,23,1910.32
2024-09-07,Email,17150,476,26.98,25,2065.86
2023-11-29,Paid Social,141932,1837,1430.25,27,1800.04
2023-05-22,Paid Social,98850,1227,833.87,22,1149.16
2023-09-18,Email,19851,432,23.61,15,1302.38
2024-12-31,Email,25986,670,36.12,33,2742.75
2024-10-30,Video,51574,483,466.81,9,648.66
2023-07-12,Paid Social,100795,913,589.83,28,1930.78
2023-03-01,Paid Search,54210,1954,2276.06,60,4836.05
2023-01-11,Email,12248,277,15.44,17,1485.32
2024-02-07,Email,17324,355,19.25,16,1400.62
2024-05-28,Display,124849,450,190.75,4,269.76
2023-01-24,Paid Search,41813,1498,1800.75,76,318328.45
2023-08-02,Video,46263,399,373.38,7,409.21
2024-11-14,Paid Search,84421,2989,3868.29,122,10759.77
2024-06-21,Video,57703,453,390.81,8,522.01
2024-04-09,Email,19271,530,30.01,33,2706.51
2024-08-17,Display,139990,513,244.7,5,330.17
2023-08-17,Paid Search,63491,1762,1801.55,65,5077.37
2024-05-04,Paid Search,78657,2651,3066.73,119,10074.3
2024-03-25,Email,16763,462,27.66,21,2034.86
2023-04-09,Paid Social,82272,997,818.63,20,1093.12
2024-06-04,Video,55284,456,411.76,7,605.57
2024-01-21,Paid Search,39122,1292,1429.23,59,4951.71
2023-01-16,PaidSearch,48270,1619,1967.6,71,5369.31
2024-08-23,Email,17427,394,24.0,23,2108.68
2024-06-05,Email,18080,461,30.3,30,2918.49
2024-10-19,Paid Social,120096,1177,787.75,25,1647.29
2023-02-06,Email,15680,339,21.69,18,1521.86
2023-05-07,Display,142349,600,318.44,6,343.07
2024-03-03,Email,12903,345,22.83,25,2361.08
2023-10-17,Display,145534,585,322.35,6,324.79
2024-02-24,Paid Social,106454,1320,1010.38,31,1846.66
2024-07-27,Paid Social,118265,1530,1166.89,34,2256.83
2024-05-15,Paid Social,136409,1386,943.08,24,1722.06
2023-11-27,Display,176797,733,655.34,10,700.35
2024-06-22,Paid Social,129360,1608,1104.64,35,2277.03
2023-01-05,Email,16830,435,23.66,28,
2024-05-12,Paid Search,56902,2013,2585.15,99,7720.26
2023-12-19,Paid Search,76077,2463,2810.31,84,5897.81
2024-01-12,Display,112633,370,166.71,4,192.56
2023-01-02,Paid Search,37819,1341,1569.0,54,3867.6
2023-10-13,Paid Search,57414,2182,2818.64,96,8067.56
2023-07-04,Display,126423,501,357.73,7,399.41
2023-02-22,Paid Social,78234,910,604.66,19,1284.78
2023-07-22,Video,42198,333,318.33,4,241.02
2023-11-05,Email,18612,476,28.43,20,1852.68
2023-03-10,Paid Search,40440,1459,1760.92,62,5684.31
2024-02-08,Paid Search,55641,1942,2210.49,85,6953.64
2023-03-08,Paid Social,81658,876,635.17,21,
2024-12-01,Email,23439,599,78.56,62,5857.35
2023-01-18,Email,11329,303,18.49,13,1107.32
2024-07-15,Display,123524,537,258.22,8,483.71
2023-06-27,Paid Search,56026,2221,2574.8,61,4012.55
2023-08-11,Paid Social,89118,969,738.31,15,1144.27
2024-11-08,Display,226462,955,481.97,11,766.88
2024-04-14,Paid Social,118657,1416,1062.14,31,1494.87
2024-06-18,Video,61574,526,514.82,7,470.45
2023-10-22,Display,160872,672,340.28,4,224.61
2023-04-26,Display,112190,422,188.88,3,185.16
2023-02-19,Video,46854,399,427.69,6,389.11
2023-03-05,Email,12779,312,20.21,14,948.35
2023-02-15,Display,123338,674,345.88,6,341.25
2023-02-05,Display,127293,533,287.83,5,285.24
2024-06-22,Paid Search,46743,1476,1762.25,56,5023.96
2024-08-22,Paid Social,105597,1208,790.83,21,1423.98
2024-03-16,Email,17136,419,35.66,22,1912.72
2023-01-27,Display,96686,371,193.46,3,172.11
2024-07-10,Display,115291,455,231.31,4,250.75
2023-10-10,Display,128502,646,333.16,6,382.92
2023-07-27,Email,15697,381,20.82,20,1721.94
2024-12-18,Video,75274,623,565.22,10,899.13
2023-01-10,Email,13728,288,17.74,17,1519.59
2024-02-18,Email,14679,288,20.42,18,1618.77
2024-07-30,Email,16246,479,32.27,26,1887.14
2023-08-06,Paid Social,92298,1095,760.1,22,1403.37
2024-05-25,Paid Search,47343,1639,1899.74,48,3892.53
2024-10-24,Paid Social,122990,1705,1080.64,49,3550.77
2023-02-16,Display,103952,400,193.66,4,201.83
2023-05-19,Video,47713,383,350.31,6,428.89
2024-06-28,Video,49216,404,400.2,7,467.59
2024-08-23,Paid Social,112908,1301,895.13,31,1681.31
2024-08-01,Paid Social,94675,1133,907.77,15,886.02
2023-05-30,Email,19070,446,28.02,21,1803.9
2024-11-16,Email,24609,659,33.97,25,2024.76
2023-12-30,Email,24818,613,35.64,28,2398.72
2024-04-03,Video,44250,382,320.15,7,531.4
2023-04-04,Video,35820,296,257.76,5,358.42
2024-05-26,Email,13333,337,21.1,17,1423.21
2024-10-25,Paid Search,79585,2741,3117.54,130,10955.89
2024-07-27,Paid Search,43485,1602,2172.59,65,5368.59
2024-09-21,Video,73772,626,617.53,9,651.29
2023-07-18,Email,13582,388,22.49,27,2219.4
2024-06-11,Email,19568,486,28.71,29,2826.55
2023-05-24,Email,16043,329,19.19,11,868.46
2024-04-06,Video,59684,449,410.09,10,809.74
2024-12-26,Display,190614,738,354.27,8,565.75
2023-10-02,Video,43830,359,318.38,5,409.81
2024-08-06,Display,145881,585,264.45,5,297.73
2023-10-10,Paid Search,60852,2662,,129,11536.97
2023-09-16,Paid Search,54680,1832,2130.09,53,4241.89
2023-12-16,Display,208979,1019,480.39,10,618.28
2023-12-02,Display,256593,961,401.6,8,415.79
2024-12-22,Email,26530,619,37.52,32,2918.75
2024-12-26,Paid Search,124649,4383,4884.02,211,17529.61
2023-06-24,Display,140315,478,247.13,5,286.39
2024-11-08,Paid Search,88005,3073,3542.83,97,7189.21
2023-08-17,Video,44597,317,285.53,6,531.75
2024-02-26,Paid Social,121240,1540,1027.83,41,2574.0
2024-09-07,Paid Social,137221,1630,1111.18,27,1862.73
2023-02-25,Paid Search,45965,1491,1636.85,71,5685.44
2023-01-15,Email,9442,231,14.82,15,1577.48
2024-11-11,Paid Social,111444,1736,1160.63,43,2802.5
2024-10-26,Video,64192,630,558.52,8,572.63
2023-01-22,Video,43108,332,291.46,6,445.45
2024-07-17,Email,17687,432,25.0,30,2526.6
2024-09-22,Paid Social,116913,1565,1030.96,35,2187.94
2023-06-07,Paid Social,92538,895,624.64,15,984.93
2024-06-13,Email,21449,583,34.18,25,2155.58
2023-12-24,Display,187970,732,398.89,7,404.08
2024-05-25,Display,165385,548,275.78,6,370.89
2024-12-15,Paid Search,95727,3624,4477.03,143,10495.66
2024-01-23,Email,16478,395,25.35,17,1512.4
2023-11-22,Paid Social,103683,1293,1504.55,53,3549.36
2023-04-05,Video,51910,437,389.31,7,545.65
2024-12-26,Email,27462,704,44.39,37,3694.35
2023-01-15,Video,48994,393,320.26,6,432.11
2024-09-09,Paid Search,72550,2261,2523.63,93,7992.42
2023-05-04,Paid Search,48826,1835,2244.98,67,6042.18
2023-04-04,Email,17830,474,27.42,21,1864.66
2023-12-01,Paid Search,86189,2571,3118.73,110,8387.08
2024-07-06,Video,45860,442,402.74,8,577.72
2023-11-01,Paid Search,64236,1708,2011.57,66,4934.06
2023-09-07,Paid Social,76465,924,648.13,19,1524.54
2023-11-12,Email,19394,489,24.41,22,2144.07
2023-03-03,Paid Social,102783,1410,1028.68,26,1650.01
2024-08-04,Paid Search,52068,2043,2455.53,68,5600.46
2023-06-04,Display,124146,450,248.15,4,227.48
2024-04-08,Paid Social,108483,1325,912.79,26,1925.5
2023-12-29,Display,221584,728,345.63,8,418.59
2024-02-22,Display,133875,692,320.36,6,347.39
2024-06-03,Display,121658,484,267.09,4,226.39
2024-02-04,Display,138308,546,269.66,5,254.52
2024-09-11,Paid Social,119433,1413,927.9,31,2002.15
2024-02-14,Paid Search,48537,1815,2266.51,74,5158.9
2024-11-06,Paid Search,77688,2895,3397.26,100,7586.07
2023-10-25,Paid Search,58342,2229,2396.56,94,7464.23
2023-07-14,Paid Social,86601,985,734.31,18,1055.14
2023-01-23,Paid Search,46924,1682,1924.71,54,4242.49
2023-10-01,Video,64406,531,485.08,9,699.4
2023-08-07,Video,41906,368,326.4,5,350.52
2024-12-29,Paid Search,73085,3021,3599.1,110,8348.11
2024-07-30,Paid Social,110165,1176,751.37,23,1448.18
2024-11-02,Paid Search,54312,1786,2055.15,61,4837.45
2023-07-30,Display,114871,446,239.14,4,237.58
2024-04-13,Paid Social,96790,1188,946.17,24,1358.54
2024-03-04,Email,17410,383,26.6,21,1843.94
2024-09-21,Email,15771,331,19.96,18,1594.75
2023-10-21,Paid Search,58071,1787,1923.29,58,3791.02
2024-12-06,Email,32630,806,47.12,40,4546.76
2023-05-07,Paid Search,62249,2811,3265.59,84,6351.7
2023-02-25,Video,43689,305,275.88,4,275.02
2023-11-12,Video,73253,73454,574.03,6,510.94
2023-07-27,Video,39059,314,255.9,4,293.3
2024-11-23,Paid Search,76505,2325,2511.4,76,6226.61
2024-11-17,Paid Search,62230,2506,2926.3,102,7000.64
2023-03-28,Paid Social,88379,977,596.16,18,1261.71
2023-08-05,Paid Search,47686,1644,2042.27,66,5205.15
2023-06-02,Paid_Search,62354,2326,2961.43,102,8231.81
2024-12-29,Video,83963,688,670.89,11,751.17
2024-06-14,Display,145350,566,298.19,7,402.47
2023-12-08,Video,64005,664,613.03,11,756.25
2024-06-30,Display,178056,831,432.61,11,615.66
2024-04-23,PaidSearch,49412,1856,1950.24,78,5567.33
2024-07-05,Paid Social,114012,1378,890.27,26,1440.49
2023-05-23,Display,164924,570,302.53,5,264.24
2024-11-23,Email,19557,515,32.08,28,2861.33
2023-07-24,Display,104513,523,312.77,7,461.23
2023-09-22,Email,19316,535,35.32,33,2826.07
2023-03-23,Paid Social,91076,1216,807.93,22,1456.18
2023-09-08,Paid Search,66686,2716,3057.9,114,8269.82
2023-04-23,Paid Social,121664,1648,1198.51,43,2689.05
2024-10-25,Display,209859,925,456.89,8,515.58
2024-04-11,Email,18553,541,33.7,22,2160.12
2023-08-25,Paid Social,78432,769,496.2,18,1218.19
2024-05-07,Email,16572,462,29.8,24,2035.17
2023-08-30,Paid Social,70841,902,665.97,19,1132.05
2024-03-10,Display,146460,551,274.56,6,333.72
2023-02-12,Video,41216,332,314.25,6,422.77
2023-09-04,paid search,55517,1737,1896.01,70,5641.5
2023-01-11,Video,35125,282,250.27,5,404.76
2024-09-12,Email,17930,414,23.62,19,1669.37
2023-11-20,Video,59355,533,950.63,18,1356.8
2023-10-04,Video,57524,468,437.43,7,438.84
2023-05-21,Video,50591,409,359.27,7,488.69
2024-08-29,Video,49779,408,375.39,6,436.26
2023-11-19,Video,73388,688,605.88,11,864.69
2024-08-14,Video,42041,386,357.6,7,500.98
2023-02-13,Display,139580,533,275.63,6,413.26
2024-09-06,Paid Social,83072,1114,766.59,29,1586.03
2024-12-12,Video,101900,736,653.91,11,783.44
2023-09-02,Paid Social,104074,1372,1005.88,30,1747.06
2024-02-28,Video,58261,454,417.09,9,556.96
2023-07-03,Display,113810,482,302.71,6,351.67
2023-08-06,Display,124042,464,241.44,4,250.58
2024-03-09,Video,55969,476,452.95,7,562.32
2023-05-03,Paid Search,50286,1802,1929.61,77,5540.58
2023-03-14,Display,131415,595,323.21,5,290.77
2023-06-07,Email,15054,336,20.48,15,1246.35
2023-06-10,Email,16785,380,21.49,20,1661.2
2024-09-30,Display,170520,665,315.89,6,372.02
2023-05-19,Paid Social,98822,1084,633.54,23,1574.66
2023-02-19,Email,13129,357,24.71,16,1505.03
2023-10-27,Paid Social,129344,1539,1081.33,38,2638.91
2023-01-26,Paid Social,77135,769,499.09,19,1482.25
2024-06-20,Display,153093,510,244.44,6,326.85
2024-03-01,Paid Social,95548,983,625.92,18,1163.47
2024-10-15,Display,162856,740,385.8,7,410.62
2024-07-07,Video,52417,361,273.54,7,507.95
2023-11-29,Paid Search,100481,3150,3749.08,165,14498.4
2023-05-11,Display,105477,362,213.29,3,200.69
2023-07-14,Video,32716,250,241.28,4,336.64
2023-04-24,Display,145784,560,291.86,5,312.87
2024-02-25,Video,49513,478,428.03,6,473.57
2024-04-17,Paid Search,75346,2387,2784.8,103,10348.83
2023-06-20,Paid Social,108216,1400,904.07,24,1657.38
2023-05-15,Paid Social,89646,1194,867.96,26,1415.68
2024-08-21,Paid Social,95906,1064,750.55,18,990.95
2024-09-03,Paid Social,126444,1457,1035.05,26,1530.47
2023-01-11,Paid Social,71341,841,617.5,16,1011.46
2024-04-04,Email,22688,487,29.93,24,2283.73
2023-10-07,Email,17527,429,25.86,20,1936.68
2024-12-19,Display,228953,1001,469.46,10,622.6
2024-04-10,Email,20240,493,30.67,24,1951.72
2023-10-27,Video,49749,368,339.13,8,608.62
2023-06-16,Display,138779,617,320.5,7,356.97
2024-06-26,Video,58877,447,380.03,7,495.73
2024-02-23,Paid Social,100657,1007,625.14,18,1154.91
2023-02-10,Email,12484,274,16.04,17,1390.9
2023-06-06,Email,19502,440,26.76,18,1685.44
2023-09-14,paid search,68654,1934,1975.43,87,6827.16
2024-09-25,paid search,69478,2228,2544.3,78,5402.29
2023-05-27,Video,48444,414,372.49,6,421.39
2023-01-06,Email,14188,346,20.06,19,1713.38
2023-02-16,Paid Social,80937,880,595.95,17,1027.63
2024-11-15,Video,66942,601,505.61,7,497.03
2024-10-01,Display,186872,762,415.81,9,566.4
2024-07-11,Paid Search,56561,1982,2367.69,73,5443.73
2024-04-07,Email,14272,362,21.73,19,1731.56
2024-06-07,Display,158731,613,339.53,6,352.49
2024-09-18,Display,172366,818,356.27,7,375.11
2023-09-19,Paid Search,44246,1402,1856.8,37,2787.43
2024-10-31,Display,204316,862,502.88,9,538.02
2023-01-08,Email,10752,323,18.98,12,1214.09
2023-02-05,Email,11056,218,13.15,10,790.28
2024-03-03,Display,160783,590,281.98,5,265.42
2023-09-28,Video,48361,385,341.39,5,405.84
2024-09-08,Display,186871,733,383.17,7,428.4
2023-12-17,Email,20079,543,33.01,31,2669.98
2024-02-23,Email,17423,465,25.97,25,2583.84
2023-07-28,Paid Search,44772,1727,2191.51,70,5059.24
2023-11-30,Email,21377,582,35.58,29,2299.98
2024-03-27,Display,140317,455,206.5,5,282.92
2023-05-25,Display,146863,606,316.41,6,378.6
2023-10-17,Paid Social,95459,1345,1023.38,26,1696.19
2023-11-29,Email,22840,570,33.26,24,1826.05
2024-11-03,Paid Social,142863,1987,1446.3,35,2296.6
2023-10-21,Video,53746,422,406.67,5,381.44
2024-09-26,Display,165786,684,338.8,6,315.88
2023-07-29,Paid Search,40773,1352,1694.38,47,3829.95
2023-06-03,Paid Search,39010,1377,1580.49,45,4152.86
2023-11-07,Email,22714,621,37.92,27,2453.75
2023-05-09,Display,115537,545,272.01,6,334.52
2023-09-10,Video,43149,340,296.35,4,267.13
2024-02-21,Paid Social,72521,911,672.34,14,1019.33
2024-05-20,Display,130547,489,237.14,5,306.67
2023-05-06,Video,61093,542,508.72,7,556.74
2023-09-01,Video,37948,262,247.26,4,334.63
2023-06-21,Display,147748,589,268.96,5,278.31
2024-09-19,Display,175457,688,324.64,8,510.57
2024-08-20,Paid Search,54815,1959,2668.82,81,7255.61
2024-04-14,Display,118929,454,242.94,4,262.62
2023-07-14,Display,126095,494,239.72,5,311.79
2024-11-11,Paid Search,87793,3337,3782.37,156,10456.67
2023-04-14,Display,133260,570,280.69,7,388.83
2023-12-05,Email,25491,575,31.72,30,3163.87
2024-08-20,Paid Social,102212,1197,800.74,20,1225.13
2024-09-17,Display,147583,545,259.07,5,276.93
2024-05-04,Video,66688,520,403.55,7,499.1
2023-02-26,Display,109760,492,248.34,5,288.7
2023-04-06,Video,47303,301,250.42,6,381.01
2024-01-24,Video,41213,350,333.81,5,328.54
2023-08-10,Paid Search,56062,1713,1929.0,83,7041.46
2023-08-14,PaidSearch,49961,2088,2485.94,81,5122.58
2023-09-09,Paid Social,100245,1265,911.15,21,1538.54
2024-11-14,Video,66000,471,399.53,7,409.72
2024-01-13,Video,44865,398,361.74,6,449.79
2023-07-23,Video,51982,484,393.67,7,484.26
2023-10-26,Display,169510,736,362.43,7,454.72
2024-09-21,Paid Social,116533,1553,1076.44,34,2363.38
2023-05-14,Video,48972,378,303.15,6,485.27
2023-05-28,Email,12856,380,21.81,14,1096.41
2024-06-22,Video,56094,404,313.08,6,380.73
2023-01-31,Display,111983,441,239.81,4,234.8
2023-03-23,Email,16324,385,21.18,18,1616.74
2024-11-29,Video,84424,669,1051.99,16,1166.74
2024-07-01,Display,110192,490,211.49,4,244.39
2023-07-25,Paid Search,48012,1351,1625.88,54,4676.22
2023-10-24,Paid Social,102254,1279,928.96,23,1566.77
2024-01-31,Email,15436,397,27.4,19,1521.34
2023-11-30,Video,65516,632,529.82,13,972.81
2023-11-12,Paid Social,154280,1580,1059.1,43,2625.38
2024-11-24,Paid Search,96842,3884,4004.86,192,16446.11
2024-11-18,Video,80775,642,524.34,10,707.32
2023-02-11,Email,11120,261,15.01,13,1006.55
2024-03-31,Paid Social,118976,1332,914.37,27,1497.87
2024-09-30,Paid Social,119172,1388,785.24,18,1328.76
2024-03-21,Display,175251,693,364.81,10,603.92
2024-04-05,Video,43774,305,286.83,5,363.82
2023-01-17,Paid Search,46952,1538,1792.77,58,4014.1
2023-01-13,Video,33938,313,269.88,6,500.82
2024-12-05,Email,32858,851,46.86,46,3707.66
2023-08-03,Display,97706,387,217.42,3,170.34
2024-03-29,Paid Social,96778,1378,1198.18,23,1318.08
2023-06-12,Video,37944,320,284.9,5,408.94
2024-10-18,Paid Search,88278,3337,3829.83,162,11734.09
2023-04-20,Display,122271,498,249.27,5,321.39
2023-10-03,Display,157816,554,264.82,5,307.69
2024-11-19,Paid Social,160972,1695,1182.22,33,2228.02
2024-02-04,Paid Search,51432,1856,2210.95,69,6715.88
2024-09-10,Paid Search,77048,2523,3263.37,90,8426.52
2024-05-23,Paid Search,68123,2484,2905.33,112,8696.29
2023-04-10,Email,17401,452,29.38,24,1822.76
2024-07-25,Email,13406,276,18.89,13,1259.98
2023-05-17,Paid Social,85374,1040,701.08,21,1331.32
2023-11-14,Video,55524,415,389.67,8,625.26
2023-06-05,Paid Social,88287,898,655.76,19,1494.61
2024-10-10,Display,153212,647,330.71,7,392.97
2024-08-22,Paid Search,52785,1637,2367.11,74,5582.33
2024-02-07,Video,50836,422,369.2,6,
2024-04-02,Paid Search,64893,2435,3505.95,113,7525.58
2024-09-19,Video,47107,392,330.33,6,391.72
2024-01-22,Paid Social,84563,959,714.7,19,1118.31
2023-05-20,Paid Social,103546,1108,781.14,18,1055.78
2023-03-01,Paid Social,80443,1225,852.97,23,1498.89
2023-03-10,Video,45466,351,302.09,4,316.63
2023-08-12,Paid Social,97851,901,613.75,20,1269.55
2024-10-12,Paid Search,73856,2573,2759.31,119,8944.51
2023-01-03,Paid Social,60503,727,466.01,11,724.85
2024-05-28,Email,21556,509,31.47,29,2637.06
2024-01-15,Paid Search,46688,1399,1740.76,52,3642.33
2023-01-07,Email,11595,267,15.8,12,1035.19
2023-08-14,Paid Social,81856,1111,726.56,23,1505.2
2023-06-21,Paid Search,54101,1958,2430.85,59,4919.21
2024-04-27,Display,185646,684,290.29,8,439.74
2023-03-29,Video,38249,341,304.1,5,377.03
2024-10-21,Paid Search,77212,2825,3373.52,106,8394.25
2023-08-29,Video,38881,311,285.22,4,285.39
2023-12-06,Video,84349,686,603.95,13,909.52
2024-10-20,Display,206173,736,374.58,7,402.02
2023-12-30,Paid Social,157132,1798,1307.21,34,2270.3
2023-03-03,Email,19699,414,24.22,22,1842.65
2023-01-27,Video,37035,303,299.17,6,502.54
2024-10-04,Paid Search,71680,2493,3164.96,86,7426.08
2023-06-18,Paid Search,61034,2144,2960.3,85,6717.46
2023-02-25,Display,116494,501,231.75,4,282.7
2023-12-05,Display,212296,759,382.57,6,391.85
2024-02-24,Video,45909,393,347.91,5,332.5
2024-03-31,Display,154013,686,341.37,7,427.21
2023-09-30,PaidSearch,51433,1973,2061.06,90,6758.46
2024-04-29,paid_social,75889,1118,728.57,30,1686.92
2023-10-06,Video,52776,429,398.23,7,486.96
2024-01-23,Paid Social,83659,1021,770.19,22,1497.49
2023-04-02,Email,14006,349,23.66,14,1161.95
2023-12-01,Email,25629,690,43.11,32,2168.81
2023-12-02,Paid Social,169106,2112,1514.76,54,3919.1
2024-10-04,Display,174619,799,411.52,7,425.04
2024-06-12,Video,47684,419,407.03,8,587.55
2023-11-17,Email,19832,474,29.43,20,1667.63
2024-03-26,Display,146843,577,319.38,6,306.96
2023-02-08,Paid Search,59615,2049,2384.57,102,7122.24
2023-11-03,Paid Search,79997,2888,3748.68,97,9249.23
2023-01-07,paid search,51545,1732,1994.95,61,5060.3
2023-09-24,Video,45118,336,325.16,5,373.47
2023-02-20,Paid Social,107972,1105,711.3,19,1063.33
2024-04-04,Paid Social,78265,1007,609.97,21,1337.07
2024-06-18,Paid Search,65714,2655,3069.81,114,8681.46
2024-08-06,Paid Search,72741,2980,4140.11,102,8715.84
2023-04-20,Email,16041,363,18.95,20,2145.56
2024-10-10,Email,17668,452,28.24,30,2310.68
2023-06-09,Email,17659,511,28.14,24,2375.51
2024-02-27,Email,19032,434,20.27,23,1852.23
2024-05-01,Video,45406,291,266.96,3,195.58
2023-11-13,Paid Search,86597,2985,3743.19,107,8246.97
2023-01-05,Video,44573,430,386.92,7,456.91
2023-08-13,Video,46598,401,349.87,5,306.66
2024-01-12,Video,39552,322,308.08,5,404.49
2023-11-29,Display,188544,660,328.14,6,311.19
2024-01-30,Video,39854,338,318.95,6,369.84
2023-08-28,Email,14325,315,19.04,16,1174.44
2023-09-29,Paid Search,63218,2131,2455.53,80,6083.52
2024-07-02,Paid Search,50350,1880,2110.81,58,5009.56
2023-08-19,Display,122381,497,223.18,5,311.49
2023-09-15,Display,140088,562,293.41,6,338.24
2024-03-09,Email,13262,270,16.47,14,1218.52
2024-03-21,Email,22373,611,34.05,24,2452.64
2023-07-20,Video,42112,360,340.86,5,365.78
2024-08-21,Paid Search,62477,2573,3073.05,147,10922.74
2023-08-16,Display,136112,626,331.77,5,354.55
2023-06-13,Paid Social,92331,1028,830.1,23,1396.95
2023-09-08,Email,18536,409,23.58,24,2068.07
2023-11-10,Display,159275,654,293.53,6,321.29
2024-07-24,PaidSearch,55101,2225,2978.91,92,6609.8
2024-06-21,Display,176753,703,353.91,8,455.59
2024-10-22,Display,167189,562,312.79,5,305.05
2023-03-03,Paid Search,46806,1584,2109.14,69,6399.96
2024-05-31,Social,103610,1222,769.88,21,1294.45
2024-12-24,Email,28335,629,36.54,27,2563.08
2024-06-12,Paid Social,79767,845,596.82,20,1229.16
2023-03-20,Paid Social,86779,1024,685.06,20,1307.96
2023-04-11,Video,39162,277,211.66,4,262.71
2023-11-15,Paid Social,126356,2097,1597.11,44,2620.14
2023-02-15,Email,15070,354,20.79,17,1495.56
2023-04-18,Paid Search,59983,1989,2616.35,56,4037.59
2024-11-22,Display,190364,789,424.63,9,540.52
2024-11-04,Paid Search,71615,2514,2949.23,105,8292.77
2024-12-25,Video,71187,542,466.32,8,689.23
2024-10-27,Paid Search,66855,2481,2992.52,90,6838.97
2024-05-24,Paid Search,60675,2058,2902.89,63,5165.84
2024-12-18,Display,267456,1008,493.65,10,536.79
2023-06-28,Display,136009,459,238.81,4,263.67
2023-10-30,Video,50918,370,329.15,6,410.6
2023-10-18,Email,19971,560,37.08,34,3078.67
2023-03-12,Display,122316,535,254.53,5,274.69
2023-05-16,Paid Social,117888,1256,993.56,29,1997.03
2024-01-29,Display,137980,542,250.87,4,228.04
2023-10-02,Display,156266,670,374.6,7,509.99
2023-02-21,Paid Search,53455,1954,2275.29,77,5234.49
2023-11-26,Paid Social,127366,1410,1922.76,61,4612.27
2024-05-31,Email,18733,450,25.75,20,1832.12
2024-10-05,Display,195162,739,329.24,8,419.81
2024-02-06,Email,15713,340,20.33,15,1277.27
2024-05-26,Display,164765,541,299.6,6,308.55
2024-08-12,Paid Search,59297,2436,3023.69,109,9556.57
2023-11-19,Email,25743,616,36.4,29,2482.34
2023-09-10,Email,20468,522,32.81,24,2111.26
2023-03-28,Paid Search,47277,1735,2060.28,53,4536.13
2024-08-17,Email,14215,374,22.52,14,1207.58
2023-02-10,Paid Social,64085,686,480.6,13,879.03
2024-10-28,Email,27665,680,47.82,46,5461.57
2024-06-02,Paid Social,129637,1428,960.77,37,2463.7
2024-12-09,Paid Search,99418,3604,4271.83,153,11620.28
2023-10-10,Video,57624,507,483.43,9,633.17
2024-12-15,Video,83565,728,693.52,15,980.44
2023-10-31,Email,18353,472,30.79,25,2371.43
2024-02-04,Video,46743,357,329.25,4,294.44
2024-02-03,Display,135703,494,254.73,5,272.32
2024-10-28,Display,177853,806,376.56,8,477.51
2023-10-20,Email,19496,561,37.39,25,2387.6
2024-02-23,Paid Search,56138,2092,2537.02,95,7480.43
2024-12-31,Paid Social,153651,1905,1153.3,34,2148.99
2023-01-23,Display,109857,433,226.22,4,236.85
2024-08-12,Email,18329,575,37.19,27,2248.32
2024-03-22,Email,15451,453,28.68,22,2023.5
2024-08-03,Email,15331,379,23.49,20,1822.24
2023-05-01,Paid Social,105848,1068,817.52,27,1691.34
2023-10-01,Paid Social,107668,1441,976.88,25,1557.18
2024-06-18,Display,124682,564,260.95,6,382.85
2024-01-08,Display,105766,417,211.92,4,293.69
2023-03-13,Email,15713,404,22.77,21,1587.23
2024-03-12,Paid Search,77308,2770,3723.02,124,8126.94
2024-08-08,Social,75441,866,614.11,18,1153.54
2023-06-11,Display,128448,542,247.94,4,250.2
2023-01-19,Display,109308,510,226.5,4,307.1
2023-07-06,Display,104021,377,272.46,7,412.24
2023-09-30,Paid Social,105330,1151,773.46,19,1349.07
2024-07-01,Paid Social,91444,954,688.71,19,1495.56
2023-12-28,Display,190184,667,258.27,7,373.98
2023-11-08,Email,24067,633,41.26,29,2728.28
2024-08-05,Email,16642,426,27.49,25,2533.71
2024-01-10,Display,98365,376,204.46,5,268.42
2024-06-18,Email,13817,317,21.99,21,1800.24
2023-06-11,Video,48696,433,371.09,6,396.96
2023-04-01,Video,57858,380,319.84,6,505.86
2023-03-26,Display,130446,515,238.61,4,269.73
2023-12-02,Paid Search,64613,2496,3083.83,90,6825.76
2024-03-07,Video,51469,429,311.15,6,468.01
2023-03-30,Paid Search,52398,1895,2340.8,92,6934.18
2023-05-24,Paid Social,78682,890,568.86,23,1631.81
2023-10-01,Email,15104,339,18.14,13,1364.52
2024-06-27,Paid Search,61139,2165,2631.87,101,7067.24
2024-05-25,Paid Social,98006,1354,890.87,32,1954.69
2024-02-23,Display,119081,520,,6,304.69
2024-08-14,Email,17357,380,25.02,18,1938.56
2023-04-14,Email,20358,594,35.19,27,2153.28
2023-03-19,Video,47921,464,387.01,8,513.19
2023-11-16,Paid Search,79341,2867,3506.7,145,10164.77
2024-06-03,Paid Search,54556,2161,2653.41,65,5624.71
2024-09-27,Video,59138,492,362.43,7,510.37
2023-05-28,Paid Social,108693,1483,952.52,26,1504.62
2024-06-25,Email,19936,523,31.03,22,1852.45
2023-04-05,Paid Social,90531,1202,821.16,23,1355.81
2024-07-13,Paid Social,114098,1413,963.96,30,1945.77
2024-06-14,Email,17122,509,32.45,23,1823.17
2023-06-24,Email,12480,301,18.53,13,1111.88
2023-05-19,Paid Search,59436,2030,2628.78,58,4165.04
2023-06-13,Paid Search,55919,1880,2300.49,78,5428.81
2023-06-06,Display,149467,894,472.42,9,458.46
2024-06-03,Email,16977,393,24.16,21,1791.03
2023-11-26,Display,155697,506,494.83,9,459.05
2023-11-11,Paid Social,145586,1756,1202.42,37,2331.18
2023-08-18,Paid Social,85721,1086,759.33,25,1551.64
2023-10-16,Display,123818,495,289.76,4,252.93
2024-05-01,Email,18592,430,25.75,31,2650.71
2024-07-20,Video,62899,556,620.05,13,785.1
2023-02-12,Display,89275,371,192.01,4,220.14
2024-09-15,Video,69827,506,475.31,9,649.08
2024-10-29,Email,27782,879,54.13,45,4078.49
2023-11-25,Paid Social,166357,1854,2328.19,73,4937.33
2024-05-12,Video,77201,573,565.62,8,496.74
2024-01-27,Email,13507,352,19.45,16,1666.6
2024-10-17,Paid Search,62498,2408,2440.79,86,6445.16
2024-08-25,Display,145573,562,300.33,7,452.49
2024-09-20,Video,43634,403,374.44,6,410.05
2023-05-18,Paid Search,54021,2046,2767.87,76,5681.47
2024-11-08,Video,63309,503,483.08,7,452.91
2024-05-29,Display,198238,812,385.78,8,486.49
2023-04-30,Display,153920,652,291.21,6,270.04
2024-11-28,Paid Search,95743,3606,8398.2,278,21175.58
2024-01-02,Paid Social,90728,1318,872.08,23,1390.85
2024-07-27,Video,47353,371,386.54,5,444.58
2023-09-15,Email,17254,500,29.71,29,2885.1
2023-09-21,Video,46898,388,350.8,8,466.28
2023-11-03,Video,61628,471,411.94,6,430.95
2024-10-23,Paid Social,89404,1275,876.9,27,2030.43
2024-09-24,Email,18619,445,23.99,24,2518.88
2024-06-19,Paid Social,118926,1451,995.71,22,1216.16
2023-07-05,Video,38583,295,406.13,7,463.03
2023-06-24,Video,49564,338,308.91,4,279.88
2023-05-16,PaidSearch,59628,2648,3286.23,112,8591.38
2024-03-14,Paid Social,108299,1431,1461.92,41,2655.24
2024-01-23,Video,39020,299,286.02,3,252.83
2024-11-04,Display,158574,641,331.96,7,403.03
2023-02-11,Display,120542,522,257.43,6,299.44
2024-09-23,Paid Social,114965,1317,925.59,22,1465.84
2024-12-28,Video,90781,776,757.9,12,932.34
2023-05-29,Paid Search,64764,2553,2823.4,77,6065.78
2023-10-31,Paid Search,66063,2153,2869.52,82,5271.0
2023-10-14,Paid Social,138792,1511,997.38,24,1911.18
2024-04-07,Display,146973,600,301.31,6,344.63
2023-11-18,Paid Social,148309,1948,1418.92,42,2474.0
2024-02-10,Email,12461,266,17.67,14,1119.83
2023-08-12,Video,45832,343,298.57,4,274.91
2024-03-28,Video,45100,300,292.66,4,282.42
2024-11-13,Email,32334,702,38.62,39,3316.82
2024-03-18,Display,134711,519,269.3,6,340.05
2023-09-02,Email,12601,364,23.23,24,2623.0
2023-07-18,Paid Search,55554,2254,3122.32,110,8486.36
2023-11-03,Display,141662,511,244.01,6,396.13
2023-02-17,Video,37336,286,237.42,4,289.75
2024-02-09,Paid Search,54701,1769,2144.98,70,4778.38
2023-11-11,Email,17049,429,26.0,17,1419.34
2024-12-19,Email,30065,772,43.15,45,4068.81
2024-04-28,Paid Search,66317,2154,2457.34,95,5871.56
2024-03-27,Paid Social,121007,1482,1086.18,29,1987.21
2024-08-31,Paid Social,94326,1100,741.84,21,1500.99
2024-07-03,Paid Social,105087,1146,803.75,19,1212.82
2023-10-28,Paid Social,107316,1207,879.02,22,1157.14
2023-03-02,Paid Social,69047,768,581.59,14,837.61
2023-03-10,Paid Social,81159,1078,739.91,20,1146.87
2023-08-31,Video,43246,328,267.82,6,473.63
2024-04-15,Paid Social,110126,1195,746.57,23,1557.72
2024-02-27,Paid Search,57540,2116,2731.22,87,7126.36
2023-06-21,Video,41214,324,260.2,6,420.16
2024-11-22,Email,28989,778,51.52,55,5192.46
2024-02-26,Display,117002,459,225.69,5,303.72
2024-10-22,Email,25077,686,44.2,34,2863.98
2023-01-18,Display,107071,454,244.1,4,232.41
2024-02-09,Video,37335,288,262.9,4,274.35
2024-04-11,Display,149954,579,276.67,6,376.25
2024-06-11,Video,44490,397,373.36,7,499.39
2024-05-02,Email,20535,473,22.77,21,2344.74
2023-03-09,Display,148203,476,265.66,5,240.21
2023-06-21,Paid Social,86556,1021,791.27,18,1180.73
2024-11-16,Paid Search,78901,2869,3590.5,152,12833.83
2023-03-31,Display,124589,525,267.24,5,238.95
2024-02-25,Email,13671,357,20.2,17,1308.95
2023-06-09,Paid Search,53010,2050,2677.54,96,7517.19
2023-09-26,Paid Social,112403,1303,970.88,26,1545.67
2023-02-20,Email,11911,324,17.3,14,1273.62
2024-05-30,Email,24752,734,45.11,35,2798.51
2023-02-28,Video,41344,277,243.05,4,325.49
2024-05-21,Video,40708,343,299.61,6,453.32
2023-04-23,Paid Search,49671,1798,2166.45,64,5462.22
2024-07-01,Email,19730,486,27.77,23,1871.51
2024-12-16,Paid Social,154863,2067,1322.62,37,2498.38
2024-05-05,Display,182732,537,264.34,6,381.71
2023-07-11,Paid Social,83547,1223,827.64,22,1353.36
2023-06-12,Display,133428,585,280.3,5,332.27
2023-08-08,Email,16743,454,30.17,24,2316.95
2024-08-11,Paid Social,100337,1176,813.8,20,1475.44
2023-07-21,Display,127166,534,219.76,7,428.04
2023-03-26,Paid Social,89810,830,559.07,16,988.29
2023-03-30,Email,14784,373,20.81,23,2188.92
2023-03-16,Video,35378,257,254.58,4,296.13
2023-01-12,Display,107676,412,213.77,5,309.41
2023-11-08,Display,179660,826,443.61,8,440.8
2024-11-10,Paid Search,80931,2588,3041.62,78,5790.56
2023-07-10,Email,16517,406,26.0,19,1605.53
2023-12-29,Paid Social,154076,2004,1578.72,42,2994.45
2023-03-22,Paid Search,52316,1867,2392.4,70,5752.1
2024-05-03,Display,148930,693,367.14,8,410.32
2024-05-14,Email,16850,435,24.56,20,1640.29
2023-03-10,Email,14140,351,24.19,15,1303.28
2024-09-10,Video,54272,511,486.57,8,620.13
2024-05-23,Paid Social,104597,1366,999.54,24,1581.47
2023-11-26,Paid Search,68282,2362,5602.32,166,12079.71
2023-08-31,Paid Search,57718,1924,2274.71,69,4128.4
2023-03-08,Email,17781,403,23.5,19,1812.87
2024-10-03,Paid Search,68432,2513,3093.91,117,8639.05
2024-11-27,Paid Search,79182,3029,7466.21,280,23835.53
2023-03-07,Video,53967,369,301.74,5,410.29
2024-05-22,Display,169036,771,379.75,7,405.32
2023-01-23,Paid Social,84764,1116,809.59,26,1821.7
2024-03-11,Paid Search,60290,2214,3597.02,126,9467.78
2023-04-12,Display,95832,409,188.23,4,266.67
2024-04-17,Display,131013,442,220.93,7,460.8
2024-03-15,Email,16607,404,34.07,26,1963.65
2023-09-08,Display,161117,720,347.28,7,359.78
2024-07-05,paid search,48353,1804,2222.99,81,6893.65
2023-04-30,Email,18393,449,26.15,21,2207.36
2023-09-03,Email,12504,275,13.12,16,1503.53
2024-08-24,Paid Search,49299,1416,1849.63,54,4535.34
2024-05-17,Display,146373,513,239.73,5,286.6
2023-10-10,Paid Social,110474,1073,806.59,19,1395.24
2023-03-14,Email,18249,473,28.51,28,2384.17
2024-11-27,Paid Social,187851,2087,2654.53,130,8813.35
2024-07-04,Display,139803,516,216.18,5,265.1
2024-10-17,Paid Social,100074,1303,920.57,27,2027.04
2024-07-18,Paid Social,83465,997,589.71,18,1141.39
2024-04-11,Paid Search,55904,1675,2052.37,67,4975.33
2023-02-07,Display,139608,544,276.83,5,242.46
2023-07-29,Email,13584,360,25.14,19,1793.23
2024-10-09,Email,25939,623,32.33,30,2567.36
2023-10-05,Paid Search,64613,2562,2818.44,108,7686.78
2023-12-05,Paid Social,133144,1419,1114.05,31,2009.0
2023-03-28,Display,119838,507,215.22,5,226.56
2023-10-21,Paid Social,121411,1264,861.88,25,1544.13
2023-01-04,Display,125634,538,259.43,5,325.24
2024-08-11,Video,54660,436,377.07,9,654.9
2023-07-29,Paid Social,102315,1169,707.84,24,1677.36
2024-10-14,Video,77394,595,593.73,11,758.17
2023-10-13,Email,18481,445,24.94,25,1980.98
2023-01-05,Display,107226,550,267.08,7,399.68
2024-08-15,Paid Social,102432,1239,865.06,29,1776.98
2024-05-06,Video,51661,362,359.87,6,468.25
2024-10-30,Paid Social,135323,1574,1013.5,32,2180.24
2023-04-03,Email,15292,307,19.75,14,1348.75
2024-12-19,Paid Social,170715,1797,1301.61,41,2534.69
2023-06-25,Paid Social,111715,1380,1115.1,22,1428.9
2023-12-02,Email,19783,471,26.28,22,2100.72
2024-03-01,Video,51395,503,492.19,8,659.86
2024-03-09,Display,146356,514,249.14,8,501.54
2024-01-24,Paid Search,43082,1522,1655.52,44,3304.14
2024-08-31,Display,133173,444,193.44,4,217.75
2024-11-06,Video,74909,571,508.18,9,619.57
2024-12-11,Display,239930,973,460.62,12,854.38
2024-10-01,Video,56094,492,459.84,8,568.06
2023-05-30,Paid Social,94458,1082,716.98,27,1740.61
2024-02-12,Email,14545,362,21.15,19,1964.31
2023-02-20,Paid Search,46573,1687,2324.65,58,4414.39
2024-03-01,Display,130716,478,231.6,6,355.56
2023-08-29,Display,108294,417,203.21,4,254.53
2023-12-08,Email,25565,587,38.25,29,2805.97
2023-05-14,Paid Search,41909,1248,1556.48,46,2776.3
2024-01-10,Paid Social,69801,877,624.65,17,1100.87
2024-12-04,Paid Search,93705,3429,4095.07,137,11411.44
2024-04-27,Paid Search,50562,2072,2169.75,67,5839.49
2024-02-19,Paid Social,92732,938,628.67,22,1251.23
2024-07-30,Display,129065,676,327.02,7,376.05
2024-10-12,Email,17804,449,25.76,27,2282.66
2023-03-08,Paid Search,63779,2379,2699.56,82,6417.0
2024-08-22,Video,51476,433,450.98,7,525.84
2023-05-03,Video,47120,399,347.49,6,431.81
2024-10-29,Video,52103,506,485.2,6,361.84
2023-10-14,Email,15274,395,26.97,20,1717.83
2023-06-26,Paid Social,93493,1024,734.25,17,1184.0
2023-02-01,Paid Search,59788,2120,2752.08,79,5473.44
2023-10-03,Video,47225,329,315.56,4,237.5
2024-05-11,Video,66427,542,504.97,8,577.07
2024-06-15,Email,13549,320,18.95,19,1517.96
2023-01-11,Paid Search,45921,1712,1828.35,65,4837.04
2023-03-06,Paid Search,58398,2005,2642.34,90,8421.84
2023-02-15,Paid Social,75789,1047,752.13,25,1506.73
2023-03-19,Paid Search,43693,1598,1999.72,67,4537.47
2024-05-06,Paid Search,64675,2501,2859.49,76,4894.08
2023-05-18,Email,18445,419,22.89,21,1726.55
2023-09-20,Email,24891,620,34.11,28,2421.7
2024-01-29,Video,34755,261,234.35,3,176.77
2024-10-13,Display,168776,664,381.66,6,372.15
2024-03-11,Email,17886,477,38.47,27,2408.76
2023-06-03,Video,46435,363,311.58,5,410.31
2024-08-14,Paid Search,51096,1886,2283.9,78,7394.65
2024-09-25,Video,50170,394,339.28,7,520.21
2024-07-08,Paid Social,110447,1460,933.39,35,2216.1
2023-05-17,Email,17232,461,28.73,25,2198.29
2024-12-25,Paid Search,101693,3343,3737.87,157,12168.03
2024-05-05,Video,54127,390,352.96,8,548.56
2023-05-15,Email,17187,413,24.56,21,1753.65
2024-11-14,Email,26740,661,39.21,32,2867.0
2024-04-26,Paid Social,97223,1069,757.66,23,1761.93
2024-09-14,Email,13375,372,20.89,17,1547.81
2023-04-18,Video,45290,380,339.33,5,373.87
2023-08-03,Email,14183,364,20.69,25,2227.59
2023-06-25,Display,118007,563,258.41,6,355.03
2024-07-15,Email,18492,522,33.71,26,2243.94
2024-07-08,Email,16459,361,20.81,19,1657.64
2024-11-30,Email,20986,650,71.19,70,6491.26
2023-09-09,Paid Social,100245,1265,911.15,21,1538.54
2024-12-07,Paid_Search,105584,3627,4832.13,153,12509.85
2023-12-13,Video,71739,532,466.32,6,416.28
2023-08-14,Display,137388,592,270.86,7,402.41
2023-09-17,Email,11302,304,18.6,17,1478.6
2023-10-01,Paid Search,60082,1879,2507.66,91,7812.87
2023-09-05,Display,129998,495,294.69,5,348.01
2024-02-16,Email,15116,370,22.2,24,2177.35
2023-08-21,Paid Social,64466,934,646.14,20,1132.64
2023-05-09,Email,16685,394,20.77,20,1846.41
2024-07-07,Email,12432,323,15.88,14,1231.25
2024-11-15,Email,27843,818,48.29,39,3257.29
2023-09-27,Video,55875,464,460.43,6,397.88
2023-11-10,Email,24825,520,30.33,23,2592.51
2023-07-03,Email,15959,398,31.01,23,2193.96
2024-12-22,Paid Social,182527,2465,1888.96,46,3160.66
2024-06-16,Video,55923,378,333.95,6,444.53
2023-05-30,Paid Search,64236,2691,3365.37,102,7276.23
2024-05-24,Video,48451,370,319.51,6,381.21
2024-08-08,Video,44899,397,375.71,5,408.8
2023-10-23,Display,162539,766,438.32,6,336.04
2023-08-07,Paid Search,47936,1679,2147.09,69,5040.24
2023-08-28,Paid Search,65592,2030,2261.97,101,7086.89
2024-02-05,Paid Social,88349,872,594.39,17,1123.8
2024-01-08,Email,14847,378,21.08,19,1406.82
2024-10-20,Video,56088,514,445.58,10,663.02
2023-02-16,Video,36707,292,250.58,4,290.81
2023-07-11,Video,40609,297,273.09,5,354.07
2024-06-06,Paid Social,86861,1088,833.75,22,1401.31
2023-11-19,Paid Social,137584,1420,846.8,32,1929.1
2023-07-26,Display,138107,551,249.78,5,241.72
2023-06-19,Email,14366,336,19.88,14,1202.02
2024-11-18,Email,28306,713,46.89,28,2443.13
2024-09-18,Paid Social,96412,970,644.8,16,977.2
2023-02-14,Paid Social,84306,904,649.19,15,1004.33
2024-03-20,Video,45570,368,349.38,5,393.98
2024-10-12,Video,64575,500,445.58,8,675.85
2023-09-21,Email,17965,512,30.53,34,2865.38
2023-04-19,Social,83082,1026,629.92,15,1006.53
2024-09-19,Paid Search,58174,2311,3020.0,100,9500.49
2023-11-20,PaidSearch,80204,3757,7039.73,284,20530.44
2024-01-20,Email,10983,311,18.2,16,1279.7
2024-10-13,Email,14024,343,21.39,18,1637.84
2024-02-10,Display,109286,440,205.06,4,239.18
2024-03-05,Paid Social,93489,976,722.61,23,1449.23
2024-10-06,Video,80237,696,595.82,9,633.4
2023-12-12,Social,167474,1880,1247.46,40,3029.1
2024-03-13,Paid Search,60078,2077,3120.95,146,12030.66
2023-04-30,Paid Search,47723,1586,2031.03,66,4310.75
2023-10-21,Email,14927,400,25.6,24,2010.48
2023-03-24,Email,13011,301,15.39,14,1388.7
2023-10-29,Email,17612,428,28.37,25,1920.89
2023-12-19,Display,232464,713,370.81,8,438.01
2024-01-13,Display,121859,424,241.72,6,313.06
2023-10-23,Paid Social,94968,1141,799.53,19,1170.13
2023-03-18,Paid_Search,48671,1942,2050.04,64,4253.36
2023-06-19,Paid Social,74667,999,629.84,23,1393.78
2024-01-07,Paid Search,41364,1424,1857.61,60,4069.83
2024-04-18,Paid Social,102064,1032,713.97,23,1307.98
2023-06-27,Email,22958,648,38.6,28,2400.49
2023-07-30,Paid Social,99712,1248,849.57,22,1511.11
2024-03-15,Video,44521,377,433.42,8,580.89
2024-11-16,Video,74747,563,460.75,9,687.74
2024-07-06,Paid Search,46239,1377,1583.36,63,4654.75
2024-02-11,Paid Search,57533,1917,2425.02,72,5680.25
2024-10-17,Display,186665,686,316.12,7,408.47
2023-06-01,Display,119531,499,228.75,5,332.88
2023-01-22,Email,10425,272,18.25,13,1326.02
2023-08-26,Paid Social,98148,1065,659.29,18,1164.96
2024-10-13,Video,54822,479,352.61,9,528.27
2023-10-09,Email,19853,628,40.18,40,3335.59
2023-12-16,Email,21482,550,34.49,29,2972.54
2023-06-08,Video,42974,359,293.61,5,401.75
2023-10-12,Display,166729,665,340.06,7,395.94
2024-11-20,Paid Search,80655,2706,3511.63,100,7770.61
2024-11-09,Video,89193,743,724.85,12,1074.45
2023-10-04,Display,137028,532,262.6,5,314.51
2023-08-25,Paid Search,44202,1685,1896.61,74,5765.86
2024-09-11,Email,22508,573,32.81,29,3009.36
2024-06-08,Display,126565,540,264.43,6,356.28
2024-06-05,Display,128818,437,223.14,4,278.82
2024-10-22,Video,54168,382,305.93,6,449.13
2024-05-14,Paid Search,83620,2891,2911.07,107,9440.13
2023-04-02,Paid Social,109469,1389,923.57,30,1798.52
2023-03-05,Paid Social,81601,1001,713.97,26,1580.74
2023-09-25,Email,16055,427,26.22,23,1941.85
2023-09-17,Social,126322,1395,970.47,21,
2024-07-21,Paid Search,49832,1844,2254.01,88,6915.95
2023-03-11,Email,11199,242,13.63,11,929.53
2023-09-03,Video,64401,537,452.44,9,810.82
2024-01-26,Paid_Search,50575,1814,1888.43,66,5260.04
2023-01-13,Paid Social,66204,858,622.36,18,1203.33
2023-07-30,Video,45966,381,297.16,6,386.14
2024-05-01,Paid Social,89615,1162,861.04,30,1820.77
2023-08-24,Paid Search,42729,1386,1683.09,59,4798.19
2024-03-24,Email,13778,393,20.06,21,1989.85
2024-04-25,Paid Search,59297,2289,2809.29,82,5865.45
2024-08-03,Display,125356,426,210.18,4,239.2
2024-03-05,Video,43522,380,382.45,5,380.5
2023-08-04,Display,128676,524,296.96,6,397.41
2024-02-29,Email,20854,598,40.35,30,2320.65
2024-08-28,Email,15774,386,23.98,19,1451.81
2023-09-16,Email,17102,458,27.48,23,1975.19
2023-11-02,Email,17404,361,22.33,17,1295.76
2023-05-01,Paid Search,60523,1999,2656.27,73,5342.81
2024-04-13,Email,13891,369,24.49,17,1388.49
2024-06-25,Paid Social,114049,1646,1128.6,33,2035.61
2023-07-15,Paid Social,74975,769,501.05,13,871.89
2024-01-11,Video,35072,295,269.25,3,238.55
2023-05-13,Display,145496,609,298.05,7,475.44
2023-08-12,paid search,46859,1837,2141.6,77,5440.64
2023-02-05,Paid Social,79868,1188,819.85,21,1575.01
2024-09-05,Paid Search,66347,2382,2959.68,130,9318.07
2024-12-10,Video,78051,579,497.46,8,535.67
2024-05-29,Paid Social,102803,1230,924.82,22,1412.06
2023-03-20,Display,120776,472,194.44,5,292.65
2023-02-22,Paid Search,47338,1613,1971.89,59,4824.2
2024-06-13,Paid Search,59272,2444,2814.73,102,10106.65
2023-12-11,Video,58361,503,445.55,9,597.03
2024-03-13,Display,156623,611,460.54,9,469.47
2024-10-15,Email,21874,618,40.86,34,3204.28
2023-03-29,Paid Social,116458,1406,925.75,24,1648.53
2023-06-05,Paid Search,55048,1727,2139.27,70,4793.13
2024-04-08,Video,47094,326,267.5,5,356.8
2024-08-15,Email,18430,523,33.0,32,2981.28
2023-09-06,Paid Search,69166,2190,3006.9,81,7013.87
2023-01-31,Paid Social,53907,595,421.83,12,812.11
2024-03-08,Display,155642,561,284.31,7,379.61
2024-07-21,Display,131792,517,318.73,5,303.36
2024-07-23,Email,17387,471,28.19,31,2740.16
2024-02-04,Paid Social,105871,1101,820.14,24,1476.79
2024-06-26,Paid Search,60260,2264,2700.6,76,5844.77
2023-03-04,Paid Social,89358,971,625.22,18,1054.99
2023-09-21,Display,157156,594,270.14,6,400.31
2023-07-11,Email,19235,409,27.2,26,2470.1
2024-09-20,Paid Search,65106,3086,3636.4,128,9594.65
2023-01-06,Video,38629,368,293.06,6,455.92
2024-01-19,Email,13205,288,16.02,11,835.97
2023-05-29,Video,38378,283,241.55,5,347.03
2023-08-28,Video,35831,291,249.95,4,257.91
2024-07-13,Email,16269,420,21.64,16,1421.83
2024-07-05,Video,42301,346,344.49,5,359.2
2024-09-28,Paid Social,123863,1539,1033.42,38,2444.57
2023-06-08,Display,150144,591,268.27,7,404.01
2023-02-02,Email,12212,278,15.81,12,1164.85
2024-04-25,Email,20921,634,42.59,37,2979.71
2024-12-21,Video,104512,890,839.3,12,943.94
2023-12-07,Paid Social,160199,1584,1103.71,30,1924.08
2024-07-08,Paid Search,62755,2327,2738.35,91,6800.91
2024-01-02,Display,127590,562,243.47,6,387.81
2023-04-06,Paid Social,103407,1149,827.12,23,1345.61
2024-07-17,Video,46642,345,303.95,5,349.16
2024-06-06,Display,181645,887,411.37,10,632.78
2024-03-08,Email,17799,457,31.41,21,1971.71
2024-01-11,Display,108022,457,217.39,4,253.25
2023-01-27,Email,14071,330,19.1,15,1204.62
2024-06-19,Paid Search,63215,2588,3234.58,79,6448.2
2023-12-10,Email,18867,459,31.18,19,1550.81
2024-04-23,Video,44996,351,286.78,5,351.24
2023-06-04,Paid Search,59481,2385,2921.03,117,9137.01
2023-08-18,Email,16033,395,,15,1372.07
2023-02-09,Email,13993,364,24.15,22,1829.73
2024-06-02,Email,14746,365,21.55,20,1784.75
2023-11-19,Paid Search,70079,2392,2860.64,97,7069.98
2023-09-06,Display,146228,599,292.27,7,465.04
2023-01-15,Paid Search,34301,1072,1195.17,46,3639.47
2023-12-03,Display,240365,733,353.59,9,522.38
2024-06-06,Email,19089,416,21.22,24,2415.34
2023-03-24,Paid Search,44776,1241,1410.55,56,4245.32
2024-01-08,Video,44332,295,259.81,6,456.51
2024-04-26,Display,166366,557,276.46,6,349.81
2024-06-10,Display,155302,573,257.7,5,298.33
2024-05-03,Video,44090,330,306.08,5,390.87
2024-10-14,Paid Social,106925,1253,848.32,24,1369.25
2023-04-23,Display,159594,626,312.39,6,347.75
2023-03-06,Email,13493,304,17.31,16,1263.89
2024-09-16,Email,22284,574,36.4,26,2843.84
2024-08-19,Display,148679,646,349.81,6,354.15
2024-08-19,Email,19833,531,32.95,31,2783.97
2023-02-02,Display,119028,494,234.81,4,262.22
2023-04-11,Paid Social,85725,1067,831.3,25,1700.82
2024-09-10,Display,132220,475,232.42,4,222.75
2024-03-19,Paid Social,101470,1555,1104.07,31,1773.01
2024-02-18,Paid Search,48268,1860,2226.23,81,6195.37
2024-03-18,Video,42962,348,322.38,5,325.67
2023-12-22,Display,219685,829,395.4,6,297.4
2023-06-15,Paid Search,54092,1899,2257.46,91,5433.21
2024-02-08,Email,15830,385,21.83,15,1251.27
2024-10-06,Email,18702,361,18.85,17,1713.26
2024-09-06,Paid Search,73536,2628,2781.13,118,10447.9
2023-06-30,Email,15212,381,21.75,18,1583.23
2023-10-11,Social,99957,1194,974.08,23,1692.17
2024-11-06,Display,218230,755,363.8,6,327.57
2024-03-19,Email,19600,565,34.13,38,2878.37
2024-03-10,Email,12321,318,19.49,14,1076.04
2024-04-09,Video,54637,441,428.81,7,547.55
2024-05-21,Paid Social,89301,1096,771.26,28,1778.59
2024-12-20,Display,212577,949,477.27,9,427.03
2024-07-09,Paid Search,76675,2837,3280.4,122,8601.08
2023-06-16,Email,17093,506,30.08,25,2503.11
2023-11-04,Email,15229,332,17.76,20,1834.98
2023-06-27,Video,50476,377,315.71,6,403.36
2024-05-25,Email,14196,340,17.66,16,1216.23
2024-04-25,Paid Social,111781,1271,817.89,25,1814.17
2024-04-24,Email,16077,313,20.8,17,1492.78
2024-09-26,Paid Search,75804,2842,3687.55,114,9610.27
2024-02-18,Video,56346,432,409.66,7,518.02
2023-11-21,Paid Social,99746,1212,1470.66,41,3247.02
2023-05-30,Video,45926,318,344.73,5,378.42
2023-09-04,Display,157969,579,283.53,7,471.1
2023-03-07,Paid Social,91481,1070,727.88,17,1019.44
2023-03-19,Email,13590,354,22.06,14,1138.39
2024-03-28,Email,19566,504,29.12,24,2165.08
2023-06-24,Paid Search,50313,1592,2024.36,64,4131.51
2024-09-24,Video,51547,386,362.84,6,410.63
2023-09-03,Paid Search,56816,2139,2451.08,93,7676.56
2023-12-16,Paid Social,156169,2016,1269.43,40,2662.16
2023-07-12,Display,127193,533,332.17,6,389.67
2024-11-17,Email,21213,529,33.07,26,2631.15
2023-05-25,Paid Search,56694,2221,2220.69,71,5049.78
2023-05-26,Paid Search,68366,2461,3140.16,83,5788.31
2023-04-01,Paid Search,48946,1774,2488.4,97,7618.68
2024-11-13,Paid Search,64344,1840,2230.98,70,4888.4
2023-11-07,Paid_Search,62089,2021,2314.92,77,5233.96
2023-04-04,Paid Search,52342,1779,2492.66,84,5951.01
2023-11-06,Email,22540,500,31.41,23,2070.57
2024-05-09,Display,151707,594,303.54,5,350.18
2023-07-13,Paid Social,72359,865,608.78,20,1562.54
2024-03-06,Email,19860,424,28.35,22,1848.33
2024-03-23,Display,170833,757,331.78,7,387.59
2023-11-01,Paid Social,120925,1793,1403.12,28,1702.74
2024-10-31,Paid Social,99760,1095,723.64,21,1264.97
2023-04-10,Video,38647,347,312.72,4,240.96
2023-02-08,Display,130383,420,200.88,4,237.41
2023-03-12,Video,48718,303,240.55,4,365.21
2023-01-07,Display,96456,412,202.78,4,245.27
2023-09-25,paid_social,81878,976,653.07,18,1221.25
2023-05-03,Social,88911,985,708.66,23,1467.73
2023-10-11,Video,50445,378,344.8,5,344.74
2023-01-12,Video,40959,329,276.14,7,549.06
2024-02-16,Paid Social,100427,881,635.88,26,1453.38
2024-02-17,Paid Social,98498,1181,796.67,28,1908.05
2023-03-24,Video,33172,249,241.11,3,250.9
2023-02-01,Email,16979,435,28.18,24,1986.57
2024-08-09,Display,131104,514,254.57,5,325.93
2024-02-06,Paid Search,62422,2164,2375.97,103,8552.73
2024-01-08,Paid Social,78715,952,746.9,22,1295.53
2023-03-26,Paid Search,48711,1568,1794.22,50,3568.56
01/18/2023,Video,30349,230,209.77,4,327.91
2024-08-22,Email,15025,362,24.72,21,1974.53
2023-04-25,Paid Search,46813,1627,1993.76,57,4531.21
2024-06-19,Video,45030,367,325.73,5,347.13
2023-09-23,Email,14677,286,16.89,17,1636.37
2023-05-04,Display,113016,453,212.79,3,206.99
2023-04-16,Display,121546,426,235.52,4,226.8
2023-01-25,Email,14262,320,19.84,13,1369.3
2023-02-09,Display,106838,356,166.95,3,161.06
2023-07-18,Display,137469,518,271.01,5,252.19
2023-04-05,Display,137326,539,265.55,5,259.38
2024-06-29,Display,126110,454,214.57,4,234.18
2024-09-17,Paid Search,71140,2479,3074.7,89,7203.45
2024-02-28,Display,168203,624,311.78,5,254.69
2024-11-28,Email,23958,688,89.43,64,6331.71
2024-02-09,Display,122889,453,229.32,4,253.07
2023-08-10,Paid Social,87092,1391,997.44,35,2566.51
2024-11-04,Video,79736,684,612.14,11,645.42
2023-04-25,Video,56390,456,376.01,6,501.3
2024-09-16,Paid Search,69241,2469,3130.36,107,8550.99
2024-11-23,Video,60405,420,356.2,6,444.68
2023-08-23,Paid Search,45091,1304,1550.24,45,3480.34
2024-12-22,Display,213257,842,464.19,7,447.14
2024-04-24,Video,65948,445,405.71,7,454.65
2024-12-03,Video,87482,738,647.0,11,887.43
2024-12-09,Video,88581,742,647.47,11,757.72
2024-07-26,Display,133935,533,257.14,5,323.12
2023-04-05,Email,19007,473,26.83,20,1796.3
2023-12-31,Display,224434,828,399.1,9,471.32
2024-07-05,Email,13756,374,25.96,28,2583.88
2024-03-31,Video,53712,377,320.05,6,409.75
2024-08-06,Social,87535,1191,939.05,20,1241.77
2023-03-05,Display,134217,554,242.03,5,281.34
2023-04-11,Display,141015,514,237.71,6,326.77
2023-10-18,Display,182817,735,401.02,7,467.32
2023-05-24,Display,148365,652,350.77,7,411.39
2023-12-10,Paid Search,79831,2636,3032.27,115,7846.34
2024-12-02,Email,36219,880,92.26,109,9723.85
2023-05-31,Video,43500,326,341.91,4,296.14
2023-08-11,Video,54724,504,460.47,7,592.87
2023-02-03,Video,32035,220,191.49,3,208.62
2024-06-08,Video,46931,354,348.88,5,331.79
2023-09-23,Paid Social,118576,1451,885.73,39,2195.29
2024-08-23,Display,136481,511,250.25,6,314.73
2024-01-15,Paid Social,90254,1066,780.42,19,1213.83
2023-01-21,Video,43416,330,275.03,7,560.74
2024-09-20,Paid Social,138703,1607,1160.03,25,1891.78
2024-10-07,Display,203715,745,367.79,7,379.17
2024-12-10,Paid Search,90061,3701,4829.97,132,10898.22
2024-02-21,Display,126960,664,293.54,8,425.65
2024-06-25,Video,57789,488,406.21,8,712.94
2024-10-09,Paid Social,104132,1204,754.61,28,1803.27
2024-10-08,Video,63662,512,475.88,8,604.78
2024-02-29,Paid Search,58724,2064,2321.56,83,6455.89
2023-10-20,Paid Search,72055,2346,2629.34,101,8696.58
2023-12-01,Paid Social,175162,2573,1687.51,56,3849.19
2023-01-09,Email,14394,355,20.57,15,1602.29
2023-07-07,Video,45900,371,563.07,8,570.44
2023-06-26,Display,139768,663,346.73,6,388.7
2023-10-15,Video,69079,591,467.16,10,728.09
2023-10-09,Paid Social,93286,1213,785.3,23,1451.5
2024-10-27,Display,165777,599,345.12,7,467.36
2023-09-13,Display,165668,704,332.43,8,370.74
2023-07-07,Email,15864,419,35.97,29,2242.34
2023-07-26,Paid Social,76213,804,499.14,16,980.13
2023-04-14,Paid Social,104241,1329,935.8,24,1401.57
2024-09-07,Video,58079,401,375.16,5,341.22
2023-01-26,Email,14658,460,25.43,29,2131.03
2023-09-12,Paid Search,71496,2893,3369.01,122,8940.71
2023-01-21,Display,123808,452,217.65,5,243.44
2024-11-27,Email,32330,806,103.59,67,5878.48
2024-11-07,Paid Social,119523,1516,993.82,36,2056.2
2023-09-01,Email,20167,509,34.38,27,2321.25
2024-09-18,Email,18669,526,28.66,30,2816.89
2024-12-23,Display,256487,1055,513.81,9,623.41
2023-09-28,Email,16132,381,23.37,18,1583.05
2024-12-19,Video,79438,600,627.18,9,551.9
2024-12-24,Paid Search,108386,4274,4848.96,180,13672.09
2024-12-26,Video,99869,869,789.57,11,809.62
2023-08-27,Paid Social,106536,1399,1029.97,25,1628.99
2024-05-11,Paid Search,71717,2298,2805.99,91,7027.16
2023-08-08,Paid Social,94518,1163,847.68,19,1476.34
2023-03-16,Paid Social,78582,884,651.03,17,1126.92
2024-01-03,Display,128786,494,229.04,5,297.28
2024-12-16,Display,227901,864,376.76,8,533.15
2023-10-05,Display,165858,746,363.25,9,455.44
2023-12-04,Paid Search,94163,3123,3822.68,122,10384.15
2024-12-31,Paid Search,116255,4175,5363.92,186,15441.05
2024-08-31,paid search,60740,2101,2347.97,78,6207.43
2024-02-22,Paid Social,99393,1336,979.89,29,1985.76
2023-02-21,Video,37830,342,277.68,4,357.71
2023-09-09,Display,134645,545,273.19,5,269.96
2024-12-14,Email,22904,544,34.49,30,2031.16
2023-06-28,Paid Social,89759,823,636.32,17,1018.1
2024-03-22,Video,41904,284,240.47,5,327.01
2024-11-20,Display,188153,806,439.68,7,409.1
2024-07-02,Display,132440,520,236.56,5,320.62
2023-10-29,Video,56542,511,460.68,9,667.48
2024-09-02,Email,20572,619,33.24,28,2055.92
2023-12-15,Display,180032,697,323.25,7,424.77
2024-06-16,Display,177475,791,390.21,6,342.88
2024-12-20,Paid Search,131670,4416,5062.52,135,12107.65
2023-01-20,Email,13717,307,15.13,18,1674.92
2024-10-04,Video,57841,441,392.7,8,606.65
2023-04-18,Display,150512,638,329.25,5,307.64
2024-12-16,Video,84220,629,589.79,9,679.83
2023-01-30,Email,12389,340,19.55,15,1385.87
2023-03-25,Video,44848,377,368.64,6,376.52
2024-03-10,Paid Search,48677,1530,1792.51,51,4113.54
2024-07-22,Paid Social,73228,875,656.54,19,1543.5
2024-12-13,Display,219925,771,378.91,9,433.52
2024-02-10,Paid_Search,41200,1526,1487.09,63,4684.6
2024-10-03,Video,68406,574,478.08,9,607.2
2023-04-01,Paid Social,112319,1058,820.22,26,1695.05
2024-07-31,Video,39675,332,307.84,5,374.6
2023-11-24,Display,223470,715,624.83,12,781.01
2024-09-20,Email,22170,589,36.03,28,2417.52
2023-07-15,Email,13970,365,22.81,18,1531.72
2023-10-26,Email,21827,563,35.81,32,2263.78
2023-06-10,Video,42259,333,315.27,4,285.4
2023-05-05,Video,49682,334,282.13,6,654.29
2024-02-01,Display,120590,492,215.02,4,207.41
2023-04-06,Display,172192,674,353.48,6,335.87
2024-06-29,Paid Search,52236,1670,1977.0,88,6048.72
2023-08-01,Paid Search,50451,2042,2362.53,97,7093.85
2023-06-15,paid_social,91485,1093,791.94,23,1503.86
2023-12-24,Email,26420,645,,28,2300.21
2024-04-24,Display,155123,643,316.22,6,336.53
2024-03-05,Display,155831,598,313.65,6,409.62
2023-07-05,Paid Social,78993,1027,1018.51,35,2208.82
2024-06-24,Video,51339,395,304.77,8,518.63
2024-07-12,Paid Social,113747,1605,1122.77,30,2257.25
2023-03-25,Paid Social,96540,1140,787.83,28,1611.65
2024-06-18,Paid Social,136078,1613,1090.45,38,2529.89
2023-12-09,Paid Search,73310,2044,2581.86,80,5639.03
2024-02-15,Video,41973,337,286.08,5,362.4
2024-11-10,Paid Social,164934,2360,1722.49,63,4481.13
2024-04-28,Paid Social,101835,1070,798.21,22,1441.41
2023-08-24,Paid Social,73122,722,463.29,13,719.02
2024-05-14,Paid Social,98210,1088,693.0,21,1628.25
2023-06-02,Video,31853,247,220.7,3,251.29
2024-11-26,Paid Search,90435,2556,5724.72,230,17973.03
2024-10-21,Display,191122,843,471.39,9,516.29
2024-08-28,Paid_Search,58062,2187,2354.18,77,6172.2
2023-04-15,Paid Search,44468,1424,1901.52,55,4936.56
2024-10-07,paid search,66492,2124,2536.04,93,6273.14
2024-11-04,Paid Social,140206,1900,,43,2806.72
2024-05-09,Paid Search,60594,2031,2501.95,89,6339.68
2023-06-25,Email,14178,14481,22.39,17,1603.46
2023-10-25,Video,46766,345,306.04,7,459.1
2023-10-16,Paid Social,102861,1375,1158.04,24,1408.43
2023-04-02,Paid Search,50705,1976,2216.09,83,6457.28
2024-01-17,Paid Social,100683,1550,1124.54,25,1504.09
2024-05-11,Email,16126,385,23.08,18,1834.21
2023-06-27,Paid Social,101615,1253,756.27,22,
2023-01-13,Display,115863,492,220.28,4,227.29
2023-10-07,Display,152384,597,312.5,6,329.92
2024-11-19,Display,193618,642,319.38,5,342.38
2023-08-27,Paid Search,56055,2170,2551.08,97,9180.15
2024-03-23,Email,15653,383,25.76,24,2145.13
2023-07-31,Paid Social,87480,992,758.85,17,1042.37
2024-06-23,Paid Social,117478,1299,1073.1,24,1822.64
2023-07-27,Paid Social,94802,1171,837.28,21,1348.58
2024-11-24,Paid Social,167349,2042,1253.06,43,2779.25
2023-11-13,Email,24790,700,38.82,42,3679.62
2024-02-05,Display,132282,488,224.87,5,312.09
2023-07-27,Display,135140,460,235.34,4,201.15
2023-01-06,Paid Search,42445,1567,1936.19,67,5456.07
2023-09-05,Paid Search,53939,1893,2377.69,83,7560.84
2023-04-11,Email,16767,357,22.56,22,1709.98
2023-01-19,Paid Search,48176,1670,1937.27,66,4348.69
2024-12-08,Display,214485,740,379.2,8,527.51
2024-05-23,Display,161192,625,298.71,7,426.71
2024-06-10,Video,49406,380,354.25,7,595.23
2023-02-09,Video,38569,425,355.5,8,494.15
2023-05-12,Video,46575,369,298.84,7,560.72
2023-10-19,Video,40140,336,304.67,5,366.54
2023-03-22,Paid Social,92485,1210,896.75,26,1673.45
2024-07-23,Paid Social,107849,1496,1310.13,34,2246.33
2024-08-27,Paid Social,88735,1050,711.98,23,1784.98
2024-09-03,Email,20750,651,38.92,33,3068.27
2023-09-18,Paid Search,59952,1704,2147.79,76,5781.0
2023-12-09,Display,231610,944,559.76,10,650.76
2023-04-19,Display,144099,653,386.79,5,278.95
2023-02-06,Video,35727,249,225.96,3,206.21
2023-07-04,Paid Search,47949,1539,2610.3,79,6060.46
2023-09-22,Video,50405,375,279.52,5,433.07
2023-10-09,Display,178357,673,376.98,8,466.61
2023-01-01,Email,10100,245,13.7,14,1245.73
2023-06-18,Display,142752,561,264.47,7,420.45
2023-09-12,Display,115073,474,218.97,4,229.38
2024-06-04,Paid Search,56430,2274,2709.69,94,8249.43
2023-05-19,Email,20897,542,30.71,26,2318.64
2023-08-27,Video,56076,438,371.78,6,466.61
2024-07-08,Display,111496,436,251.61,4,219.26
2023-07-16,Display,123354,577,279.01,6,369.76
2023-05-31,Display,131538,478,264.71,5,299.69
2023-10-13,Video,41493,357,302.06,5,301.61
2024-10-26,Display,191822,663,325.4,11,639.05
2023-05-25,Email,23988,577,30.88,29,2332.86
2024-12-10,Email,32956,735,43.43,30,2575.82
2024-08-30,Paid Search,61493,2182,2598.39,77,5962.91
2023-08-19,Paid Search,47561,1833,2248.1,67,5603.7
2023-08-16,Email,16749,383,25.15,23,2133.99
2023-11-28,Paid Search,62500,2274,2370.44,102,8058.99
2023-07-12,Email,14770,426,24.91,19,1608.33
2024-12-10,Paid Social,178231,2303,1682.94,47,2898.93
2024-04-10,Display,149647,554,265.81,5,305.73
2023-12-27,Paid Social,155538,1550,1201.47,34,2417.94
2024-01-06,Paid Social,82557,941,,19,1288.71
2024-02-03,Paid Social,79532,820,536.44,13,848.74
01/06/2024,Email,13897,303,17.83,16,1536.17
2024-04-06,Paid Search,52764,2241,2692.08,109,8727.19
2023-08-16,Paid Social,69432,610,452.79,12,874.3
2023-07-20,Display,103059,417,224.55,4,218.33
2024-07-13,Paid Search,54614,2022,2376.92,88,6436.17
2024-12-13,Video,74489,669,624.39,11,840.08
2024-07-09,Video,41900,358,327.14,5,433.24
2024-05-21,Email,18596,522,32.93,28,2521.08
2023-02-27,Display,100339,401,,4,254.49
2024-11-09,Display,195572,711,327.7,8,519.48
2024-09-01,Email,17622,498,33.42,22,2067.55
2024-07-24,Display,121069,451,224.54,3,189.01
2023-10-22,Video,55000,451,387.98,6,503.07
2023-12-16,Video,69966,521,460.74,11,770.04
2023-11-09,Display,214407,993,427.28,11,630.31
2024-09-27,Display,197396,799,437.13,10,556.65
2024-06-29,Email,14694,337,17.29,21,1809.98
2023-03-11,Paid Search,37418,1234,1552.48,39,3525.81
2023-04-21,Display,117153,422,194.4,4,205.18
2023-03-19,Paid Social,100016,1182,825.33,19,1121.66
2023-11-16,Email,21956,500,33.34,25,2186.06
2023-01-12,Paid Search,41096,1399,1892.08,49,4210.59
2024-07-17,Display,114652,432,228.13,5,332.93
2024-12-31,Display,171691,674,302.16,9,611.72
2023-07-06,Paid Social,87197,1101,1216.7,24,1490.1
2024-12-21,Paid Social,174367,2474,1634.94,61,3572.92
2024-05-19,Video,66821,489,485.38,8,567.06
2023-06-26,Paid Search,55583,2139,2348.49,72,5034.36
2023-09-21,Paid Social,96527,1006,762.18,13,808.11
2023-10-26,Video,46200,330,312.49,5,329.14
2024-01-17,Video,40483,391,398.6,6,385.12
2024-12-16,Email,31865,856,48.28,38,3331.99
2023-05-20,Email,13979,359,21.66,15,1064.54
2024-06-08,Paid Social,110120,1423,1136.23,33,1729.06
2024-01-05,Email,14996,340,21.36,21,2010.28
2023-07-22,Display,137509,542,233.62,6,328.88
2024-12-30,Display,284988,1145,574.78,12,700.84
2024-09-11,Video,53968,434,433.28,6,433.01
2024-01-15,Video,36911,266,201.92,3,263.44
2024-03-01,Paid Search,61136,2668,3070.22,114,9894.69
2024-04-02,Email,15548,328,19.04,16,
2024-11-19,Video,66538,558,530.74,8,572.52
2023-11-25,Display,222280,978,790.06,20,1220.58
2023-10-14,Video,53424,368,319.89,5,363.25
2024-04-20,Video,54712,428,397.17,5,317.42
2023-06-17,Email,14753,385,22.05,21,1612.89
2023-06-06,Paid Search,53413,1855,2570.27,85,6637.59
2024-02-05,Video,40231,351,330.02,6,367.87
2024-12-30,Paid Social,165130,1866,1249.46,37,2394.26
2024-08-07,Display,163512,659,351.65,8,476.55
2024-03-01,Email,24758,623,41.24,29,2810.24
2024-01-24,Display,139703,528,277.64,6,317.25
2023-11-16,Video,57673,503,493.96,8,511.11
2024-03-14,Video,52444,468,526.62,9,734.16
2024-05-12,Email,17794,441,24.57,28,2497.91
2023-04-22,Video,51620,396,379.63,5,401.26
2023-04-25,Email,14651,365,21.93,23,2070.63
2024-06-27,Display,136646,531,233.76,5,305.36
2024-03-30,Paid Social,99513,1182,888.87,26,1719.32
2023-10-03,Paid Social,121388,1581,1223.29,31,2230.02
2024-07-14,Paid Search,48830,1883,2423.3,65,4654.28
2023-03-06,Video,37552,333,313.02,6,367.05
2023-06-29,Paid Social,100918,1132,749.94,24,1864.12
2024-08-03,Paid Social,107431,1373,943.1,26,1662.22
2024-08-10,Display,109828,441,219.1,4,248.12
2024-05-15,Email,18397,423,25.89,21,1856.89
2023-09-27,Paid Search,78822,2850,3225.4,131,10107.08
2024-06-15,Display,148187,625,306.16,6,386.03
2023-09-23,Paid Search,60308,2174,2297.4,85,7140.68
2023-07-03,Paid Social,81350,1150,1155.43,34,2453.32
2023-03-28,Video,43751,367,317.59,5,366.64
2023-02-08,Video,39777,282,245.3,6,474.21
2023-09-12,Email,19288,465,25.84,31,2479.65
2024-12-08,Email,22284,601,35.09,29,2795.34
2024-12-31,Video,75036,519,520.41,7,494.05
2023-07-21,Email,15861,406,24.46,23,2208.76
2023-05-23,Paid Social,106473,1336,,26,1819.1
2024-09-23,Display,166312,713,364.88,7,395.63
2023-09-14,Video,55707,427,414.63,6,400.16
2024-04-20,Paid Search,41952,1544,1752.03,62,4794.25
2023-07-10,Display,99569,408,203.25,4,232.83
2024-05-13,Display,153928,538,277.46,4,240.22
2023-02-15,Paid Search,49943,2248,3134.63,79,5987.43
2023-06-11,Paid Search,55285,1910,2074.85,73,5819.04
2023-05-07,Email,14419,370,22.35,19,1678.22
2024-08-16,Video,49510,427,415.98,7,497.58
2024-05-08,Video,39620,332,285.21,6,450.0
2023-10-16,Paid Search,59196,2148,2306.21,107,8226.66
2023-07-14,Email,12932,324,17.72,14,1218.61
2024-11-24,Email,16893,491,34.16,27,2520.94
2024-05-01,Display,190929,855,388.33,9,432.48
2024-07-29,Paid Search,42953,1317,1513.92,47,3814.24
2023-04-30,Paid Social,100075,1150,836.67,17,1021.01
2024-04-19,Email,17805,508,32.9,26,2533.42
2023-06-30,Paid Social,108861,1354,983.52,30,1719.67
2024-06-07,Paid Social,104277,1022,746.79,33,2118.85
2024-01-07,Display,133347,489,237.29,6,381.65
2023-09-18,Display,186187,708,340.1,7,409.9
2024-11-02,Display,211277,781,376.64,10,647.7
2023-10-01,Display,157264,473,230.4,4,237.19
2023-07-21,Paid Social,68186,789,577.93,14,1170.89
2024-01-05,Paid Social,77799,747,479.21,13,851.29
2024-04-21,Paid Social,107236,1248,912.44,22,1542.52
2023-04-14,Video,49998,359,332.81,5,376.43
2024-01-17,Display,154809,537,297.66,5,275.75
2024-01-22,Display,110303,469,201.77,5,289.33
2023-12-02,Video,78431,564,538.9,8,540.52
2023-08-21,Display,130533,496,253.98,6,355.21
2023-03-27,Paid Search,51295,1946,2679.85,63,5110.88
2024-04-14,Paid Search,49952,1718,1950.61,86,7230.05
2023-03-23,Video,39907,291,235.77,5,347.26
2024-10-02,Video,55235,484,424.03,9,583.58
2023-07-09,Video,38285,304,324.66,6,442.65
2023-08-22,Paid Search,46663,2088,2894.08,79,5941.98
2024-03-27,Video,40590,376,359.19,5,410.17
2023-12-01,Video,66800,489,432.31,5,345.36
2024-02-24,Email,11038,290,18.37,18,1703.28
2024-11-05,Email,29028,653,41.61,36,2815.48
2024-04-07,Video,55827,424,303.55,7,545.25
2023-10-07,Video,60704,497,368.31,8,584.7
2023-09-07,Display,126023,487,261.99,5,276.04
2023-07-02,Paid Search,40938,1491,1870.52,54,4649.12
2023-09-15,Paid Social,102898,1172,803.23,21,1343.17
2023-09-27,Paid Social,95790,1116,738.85,24,1597.04
2023-06-29,Display,124791,446,224.36,4,263.39
2024-09-17,Paid Social,126412,1512,965.05,38,2381.25
2023-01-01,Display,100670,474,237.36,5,276.32
2023-02-19,Paid Search,37525,1177,1635.98,73,5064.5
2024-09-08,Email,14461,444,24.59,18,1618.38
2023-06-14,Email,14026,317,16.99,16,1208.3
2024-01-26,Video,30537,235,232.2,3,198.81
2024-06-11,Paid Social,93490,1302,918.97,24,1391.19
2024-05-01,Paid Search,53221,2064,2283.03,84,6394.95
2024-11-21,Email,25207,639,40.86,32,2919.8
2023-12-23,Video,73085,578,524.71,8,480.21
2024-03-22,Display,131834,495,247.51,5,274.26
2023-04-17,Paid Search,53187,1694,1961.15,73,4868.75
2024-03-19,Paid Search,60163,2108,2509.83,76,5109.65
2024-05-07,Display,176204,793,381.74,9,510.79
2024-10-08,Paid Search,67663,2754,3032.4,126,9362.97
2023-06-21,Email,14341,303,18.29,16,1278.44
2023-10-28,Display,152565,737,381.16,8,553.23
2024-12-27,Paid Search,106735,4208,4792.66,165,12651.22
2023-02-15,Video,27298,206,169.09,4,275.58
2024-01-30,Display,103822,363,189.32,3,200.39
2023-05-20,Video,46981,349,304.34,7,440.4
2023-01-30,Paid Search,42478,1398,1658.81,66,5229.49
2023-06-19,PaidSearch,56394,2712,3483.76,98,8421.78
2023-09-28,Paid Social,81659,831,601.8,15,1004.9
2023-12-06,Email,28210,679,40.13,34,3664.19
2024-11-17,Display,205943,809,412.76,9,504.71
2023-07-17,Paid Search,53968,1641,2022.05,63,4682.39
2024-05-10,Paid Search,64340,1838,2243.27,82,6219.35
2024-07-18,Display,143550,569,303.17,5,241.15
2024-10-09,Paid Search,76263,2979,3793.21,137,9523.62
2023-05-03,Email,14714,338,19.82,16,1429.57
2023-02-14,Paid Search,47289,1696,2064.15,58,4565.12
2024-07-30,Video,50808,441,387.48,6,464.08
2024-01-09,Paid Search,50922,1745,2210.81,66,5270.71
2024-11-09,Paid Search,66177,1949,2194.56,67,5540.17
2024-07-20,Paid Search,45215,1746,2264.35,60,4916.64
2024-12-14,Video,100781,945,946.06,20,1626.41
2024-04-05,Paid Search,58631,1877,1805.76,70,5665.44
2024-04-15,Display,149223,605,295.93,6,329.47
2024-07-26,Email,14258,321,20.33,16,1485.78
2024-02-29,Paid Social,94389,1146,813.23,28,1714.15
2023-02-09,Paid Search,43556,1626,1890.57,65,4987.81
2023-10-20,Video,52917,381,352.13,7,492.64
2023-08-31,Paid Social,86717,951,648.22,26,1706.25
2024-01-10,Email,19731,501,30.64,20,1654.18
2023-05-23,Email,20422,525,32.93,21,2238.9
2023-11-21,Display,201292,699,581.04,12,817.89
2023-02-06,Display,99246,389,175.83,3,156.11
2023-11-11,Video,73370,556,507.71,9,645.92
2024-01-09,Display,123537,491,270.04,5,320.74
2023-04-28,Video,53645,420,368.65,7,472.3
2024-01-14,Display,130275,473,230.72,6,332.13
2024-09-13,Display,131116,442,215.3,3,208.21
2023-04-07,Paid Social,85103,1173,834.45,20,1340.3
2024-04-18,Display,140405,586,310.56,5,332.57
2024-08-05,Display,175418,702,325.5,7,392.91
2023-11-06,Paid Search,72813,2133,2400.3,93,7546.65
2023-10-04,Paid Search,73989,1944,2274.3,76,4975.26
2024-09-28,Paid Search,53368,1608,1822.75,70,5850.1
2024-10-16,Paid Search,81489,2761,3266.49,104,6697.02
2024-09-14,Paid Search,61550,2433,3322.53,109,8749.8
2024-02-02,Display,136590,546,296.9,5,307.15
2023-04-24,Paid Social,111883,1417,1288.59,24,1456.08
2024-01-29,Paid Search,53293,1910,2275.81,72,6081.64
2024-11-24,Display,237100,903,405.76,10,568.17
2023-12-16,Paid Search,71782,2372,2918.76,88,7505.05
2024-01-21,Video,47233,368,315.68,6,408.87
2023-02-23,Paid Social,83773,974,624.28,22,1431.79
2023-02-17,Paid Search,44956,1269,1503.11,43,3181.04
2024-05-31,Display,155199,639,303.92,6,369.81
2023-03-01,Video,40341,331,303.33,6,426.26
2023-07-13,Display,115754,419,204.3,5,302.04
2024-08-30,Display,128198,465,223.62,6,353.03
2024-02-07,Paid Search,46888,1960,2479.28,78,7132.66
2024-01-12,Paid Social,72018,790,463.39,17,978.85
2024-02-28,Paid Social,104950,1335,930.45,32,2681.07
2024-12-09,Paid Social,187137,2121,1462.52,36,2543.26
2024-12-25,Email,31862,809,47.38,30,2521.76
2024-06-23,Display,154098,714,314.71,6,375.84
2023-09-16,Paid Social,138330,1907,1373.3,38,2687.57
2024-02-08,Display,160480,689,354.47,5,294.58
2024-08-30,Video,45839,408,438.86,6,431.72
2024-08-02,Paid Social,95217,1025,702.82,20,1217.25
2023-10-10,Email,22389,561,34.66,38,3252.11
2023-02-03,Paid Search,43423,1668,2064.2,65,5049.38
2023-02-26,Paid Social,92642,1253,910.69,25,1884.29
2023-02-28,Email,15414,356,23.07,21,1910.27
2023-11-09,Paid Social,113826,1263,972.91,29,2001.87
2024-04-26,Paid Search,51352,1850,2157.91,52,3844.43
2024-05-27,Paid Social,102858,1233,818.6,28,1698.07
2024-03-17,Video,62939,518,570.17,9,789.4
2023-12-07,Video,92180,701,581.85,10,702.29
2023-07-20,Paid Social,81989,902,634.97,16,946.23
2023-08-03,Video,50261,394,391.76,4,295.48
2023-08-12,Display,138742,558,281.8,7,457.84
2024-06-01,Paid Social,127752,1528,1028.92,37,2808.55
2023-01-29,Paid Social,80993,823,529.45,19,1228.85
2023-04-03,Paid Search,57407,1849,1953.85,54,3766.7
2024-03-20,Paid Social,113529,1296,861.43,31,2262.43
2024-11-15,Paid Social,105414,1342,914.64,23,1546.17
2024-09-02,Paid Social,109566,1252,852.63,28,2114.5
2023-01-11,Display,99648,100092,184.54,5,288.82
2024-10-31,Video,56613,400,370.21,6,421.98
2024-09-03,Video,55916,469,432.4,7,556.83
2024-11-12,Email,25522,573,32.17,36,3051.46
2023-05-17,Video,48974,393,320.92,5,347.46
2023-05-26,Display,113448,448,200.52,5,341.75
2023-02-03,Paid Social,89793,1219,848.96,24,1509.5
2024-04-12,Video,71781,533,567.69,9,584.68
2024-12-23,Email,24495,558,30.01,28,2251.71
2024-10-04,Paid Social,124975,1414,1001.5,23,1666.68
2024-05-04,Display,197908,731,420.01,10,610.51
2024-06-17,Email,18202,473,29.32,24,1855.19
2023-09-16,Video,54823,415,384.07,8,555.04
2023-09-24,Display,167427,796,379.84,6,365.82
2023-09-15,Paid Search,61327,1880,2251.81,102,8639.51
2023-08-02,Paid Social,61154,670,467.1,13,866.14
2023-08-20,Email,8771,201,11.89,9,823.28
2024-05-03,Paid Social,119446,1583,1035.85,37,2394.42
2024-10-04,Email,22332,478,26.88,20,1766.43
2024-03-06,Paid Social,94564,1031,713.1,19,1116.24
2023-12-20,Video,68407,472,377.05,5,401.23
2023-02-11,Paid Social,77694,1001,637.39,26,1423.55
2024-02-16,Video,40055,339,287.01,7,498.51
2023-01-25,Display,98281,450,252.56,5,262.91
2023-02-27,Video,37615,338,317.42,6,446.51
2023-11-09,Paid Search,71536,2539,2854.13,86,6106.04
2023-10-18,PaidSearch,61694,2272,2703.55,86,7768.05
2023-12-15,Email,26750,729,46.25,33,3655.73
2023-02-02,Paid Social,73278,874,620.84,22,1387.69
2023-09-29,Email,19143,456,29.37,22,1917.21
2023-03-26,Email,14606,318,16.82,16,1465.26
2023-07-03,Paid Search,57218,2312,4052.2,159,10275.66
2024-03-21,Social,113857,1318,918.85,26,1827.56
2024-09-10,Paid Social,114267,1330,981.53,27,1691.38
2023-07-23,Email,10100,220,12.72,15,1322.26
2024-08-26,Email,19238,451,28.21,22,2197.45
2023-06-15,Email,15264,342,23.1,15,1160.65
2023-04-17,Video,50736,403,359.32,8,574.82
2024-11-20,Video,86808,783,753.29,12,781.33
2024-01-04,Paid Social,86080,973,714.02,22,1324.22
2024-11-02,Email,20942,460,28.36,26,2526.32
2023-03-17,Email,17267,431,23.46,19,1566.4
2024-01-27,Paid Search,39992,1533,1670.85,59,4340.05
2024-04-02,Display,147867,694,334.92,6,293.38
2024-12-26,Paid Social,144348,1656,1281.02,33,1834.88
2023-12-28,Paid Social,155364,1835,1179.77,36,2122.57
2024-07-14,Display,186272,669,330.5,6,319.01
2023-11-23,Email,30430,719,79.84,67,6516.25
2023-06-23,Paid Social,78742,975,675.01,20,1442.37
2024-08-19,Video,46098,357,286.44,5,356.57
2024-02-20,Video,54909,500,422.3,7,463.92
2024-01-02,Paid Search,54540,1920,2106.99,82,6777.03
2023-12-12,Paid Search,88448,2818,3241.41,114,8925.43
2024-02-01,Video,30629,275,254.12,3,226.47
2024-07-11,Email,18489,516,27.81,28,1993.98
2023-12-11,Email,30708,747,44.43,44,3604.16
2024-10-03,Paid Social,117776,1242,983.89,25,1578.68
2023-06-27,Display,120601,490,220.92,4,233.2
2023-07-08,Paid Social,102543,1187,1194.41,40,3141.05
2023-07-31,Paid Search,59966,2130,2641.47,87,7094.6
2023-05-22,Display,158197,671,367.81,8,429.49
2023-12-28,Video,81588,640,676.59,12,821.43
2024-06-21,Paid Search,61572,1808,2128.38,88,5670.71
2024-05-04,Paid Social,113920,1274,852.73,33,2211.96
2023-06-25,Paid Search,38478,1345,1585.72,53,4122.45
